id,domain,status,purchase_price,renewal_price,attractiveness,demand,length,registrar,created_at,expires_at,status_verified_at
0e0fc492-9ce4-4a7b-98e7-ecf7576f2b24,lick.id,premium,355.84,20.06,high,low,4,namesilo,,,
5e6e7c99-e46c-47b9-8c84-6b3c19257d45,unquestionable.id,available,25.98,,medium,low,14,namecheap,,,
cfbb1a79-7cb2-42ce-9704-f7293bd05e76,awhile.id,available,17.99,20.75,medium,low,6,namesilo,,,
acd40859-0eca-4f95-bb69-907092a67bf1,lag.id,premium,1455.02,20.06,high,low,3,namesilo,,,
7f5269fd-0613-476a-812f-20c6a3e3dd72,anesthesia.id,available,,,high,low,10,,,,
3e52e848-efaa-4497-ae8b-304c87775c0b,kilometre.id,available,17.99,20.75,high,low,9,namesilo,,,
83351387-04b3-4fec-9868-235ce217212e,castellano.id,available,17.99,20.75,medium,low,10,namesilo,,,
f1614df3-dc9e-489c-9141-1a80be41dc4b,despite.id,premium,133.12,20.06,high,low,7,namesilo,,,
5595ceac-8b10-4975-bf9e-74140c637ab2,purchase.id,resell,,,high,low,8,PT Registrasi Nama Domain,01/10/2021 00:50,01/10/2026 23:59,
1df6cb8e-83cb-446c-b0ac-736c3633d379,seagull.id,premium,133.12,20.06,high,low,7,namesilo,,,
7632822e-596d-41b8-9fe4-301a5693ed95,tow.id,premium,1455.02,20.06,high,low,3,namesilo,,,
e72b9d48-a5e3-4ac7-8cbf-537c1101d241,rhianna.id,available,17.99,20.75,high,low,7,namesilo,,,
634cf23c-3f53-4684-8961-c1d73d91739b,interview.id,resell,,,high,low,9,PT Jagat Informasi Solusi (int),15/10/2024 01:01,15/10/2026 23:59,
4de91fd8-70c8-4653-b2c2-4c81d70760e6,icon.id,resell,,,high,medium,4,PT Registrasi Nama Domain,09/10/2015 10:21,09/10/2026 23:59,
7f73ff3c-cc61-42ad-b9c2-6dc45bc1906e,nwo.id,premium,1455.02,20.06,high,low,3,namesilo,,,
fc8fbb75-b324-4d70-99c1-96aff9a8aadb,vacation.id,resell,,,high,low,8,PT Jagat Informasi Solusi (int),23/12/2017 18:19,23/12/2026 23:59,
10de2f77-da8b-49cb-b785-30f2d20d3423,beach.id,resell,,,high,low,5,PT Registrasi Nama Domain,09/09/2020 00:20,09/09/2026 23:59,
046bfc22-57c2-47ad-aac3-1f33985b2d64,eid.id,premium,1455.02,20.06,high,low,3,namesilo,,,
e05e6ec4-70ef-40ed-917b-79a56bd98f92,shaft.id,available,17.99,20.75,high,low,5,namesilo,,,
b9f4feba-dda8-4b42-8c65-2a24d27bf888,execution.id,available,17.99,20.75,high,low,9,namesilo,,,
a623412d-3107-4540-baa6-41f7526952ca,rescue.id,resell,,,high,low,6,PT Jagat Informasi Solusi (int),24/01/2023 08:55,24/01/2027 23:59,
c24970c6-b744-4f7c-ae74-303942a8b395,cane.id,premium,221,22.75,high,low,4,namecheap,,,
075f984e-cf36-4e26-99bc-a2d72a8d1278,proud.id,resell,,,high,low,5,PT Jagat Informasi Solusi (int),20/04/2023 00:13,20/04/2027 23:59,
38adde04-d3d5-4fa7-864c-ca35a6f3cbc6,humanity.id,resell,,,high,low,8,PT Jagat Informasi Solusi (int),25/02/2023 00:01,25/02/2027 23:59,
3f897428-7b00-40eb-bcd1-34fd64885118,sworn.id,available,17.99,20.75,high,low,5,namesilo,,,
ec0c7dc0-47c2-4c96-aa61-eb8f3c8e9f52,trousers.id,available,17.99,20.75,high,low,8,namesilo,,,
37715f6b-275a-4cc4-9aec-b150cc3e2158,dicks.id,available,17.99,20.75,medium,low,5,namesilo,,,
ef62aba1-9074-4696-bac9-2195043bb415,discuss.id,resell,,,high,low,7,PT Registrasi Nama Domain,14/05/2021 00:50,14/05/2027 23:59,
8078fbd4-9b42-4920-99f3-7e22de2748fe,baguette.id,available,17.99,20.75,high,low,8,namesilo,,,
0bf31795-217d-4e06-a68e-0c02369c4d90,hybrid.id,resell,,,high,low,6,PT Jagat Informasi Solusi (int),16/03/2022 00:40,16/03/2027 23:59,
ae1d7161-e6bc-44ee-aba7-92a9ccee636e,restless.id,available,25.98,,high,low,8,namecheap,,,
d92e66fa-3dfc-41e6-abb8-9f08932b475d,multitude.id,resell,,,high,low,9,PT Jagat Informasi Solusi (int),10/06/2024 15:35,10/06/2026 23:59,
5cf7b341-f7f6-4d1b-9471-06e85cc44526,shape.id,resell,,,high,low,5,PT Core Mediatech,02/05/2018 17:42,02/05/2027 23:59,
f1279a23-e457-42d2-9e09-1d35264e6c53,bead.id,premium,216.32,20.06,high,low,4,namesilo,,,
57532cc2-c454-4627-9356-f8b6db4da423,restructuring.id,available,17.99,20.75,high,low,13,namesilo,,,
5d8675f9-cb0e-433d-8286-33d9c7cf9ccd,intrinsic.id,resell,,,high,low,9,PT Jagat Informasi Solusi (int),23/11/2021 22:11,23/11/2026 23:59,
cb15429e-e83b-4700-b16f-8ab14e001647,tangle.id,available,17.99,20.75,high,low,6,namesilo,,,
724c286d-3931-4e5d-8e87-7ff217a80f51,lowering.id,available,17.99,20.75,high,low,8,namesilo,,,
050760fe-a047-46fc-929b-fbbbec7f5cf9,automobile.id,resell,,,high,low,10,PT Digital Registra Indonesia,25/10/2025 01:28,25/10/2026 23:59,
581ab67f-023f-4149-a174-37cd5938b12f,grandchild.id,available,17.99,20.75,high,low,10,namesilo,,,
862f5fc7-f827-4edf-b8a0-a1b6e0c7ccf8,gulf.id,resell,,,high,low,4,PT Jagat Informasi Solusi (int),19/01/2022 16:02,19/01/2027 23:59,
2b324051-f029-4150-9473-ffc79d04f6c7,shirtless.id,available,17.99,20.75,medium,low,9,namesilo,,,
76b2ae02-663c-4c90-bd1e-8621b2e3d7e8,rhythmic.id,available,25.98,,high,low,8,namecheap,,,
6c08a21c-dbd6-4d9f-a06d-cf107f64ec22,guys.id,premium,216.32,20.06,high,low,4,namesilo,,,
a49b94b6-8ad8-4cc4-93c5-7f498df7f2c7,alcohol.id,premium,870.4,20.06,high,low,7,namesilo,,,
2a36822d-5000-42b2-aba2-6ea667ec94f4,political.id,resell,,,high,low,9,PT Digital Registra Indonesia,08/10/2024 00:54,08/10/2026 23:59,
acc4f314-976f-4a21-8383-724b6d07889b,conquest.id,resell,,,high,low,8,PT Jagat Informasi Solusi (int),20/12/2021 14:12,20/12/2026 23:59,
360be693-a49c-4763-8672-3527f795f6fd,resolvable.id,available,17.99,20.75,high,low,10,namesilo,,,
b8c07c5a-072d-4146-baed-1c4a99ef80be,quickness.id,available,17.99,20.75,high,low,9,namesilo,,,
12731632-8e09-408f-ae07-7fb054ada06f,parliamentary.id,available,17.99,20.75,medium,low,13,namesilo,,,
1fa45ea2-803a-4886-a66c-383a4e6f9110,unbearable.id,available,17.99,20.75,medium,low,10,namesilo,,,
8b3a3f1d-6eb2-4839-b878-e287aa116813,luncheon.id,available,17.99,20.75,high,low,8,namesilo,,,
a354f36b-4e9e-42e5-b444-537171e778aa,affluence.id,available,17.99,20.75,high,low,9,namesilo,,,
8d81cb93-9e04-4cca-bb2e-c0998f1e70fd,know.id,premium,355.84,20.06,high,low,4,namesilo,,,
a33ed449-77c9-4ccf-9951-78a9e6824e3b,nightmare.id,available,17.99,20.75,high,low,9,namesilo,,,
cfd7a8a1-7977-45c1-9091-659d5ea99f51,surrender.id,available,17.99,20.75,high,low,9,namesilo,,,
ea64f228-7397-4257-8c82-6852b9b6b08d,scratched.id,available,17.99,20.75,medium,low,9,namesilo,,,
3b2cd8fe-3a55-48cc-a87e-1740f1ca56a5,pitfall.id,available,17.99,20.75,medium,low,7,namesilo,,,
41faa077-3932-42a4-95ac-266b6e93aa90,solvable.id,available,17.99,20.75,high,low,8,namesilo,,,
2582b93e-ee37-4712-af59-fbd1367d499f,satisfactory.id,available,17.99,20.75,high,low,12,namesilo,,,
b0f04e3c-19bf-436a-9045-7ff44343f9e7,suspension.id,available,17.99,20.75,high,low,10,namesilo,,,
d3687fab-e70d-4c82-814b-d541036f7070,converge.id,resell,,,high,low,8,PT Jagat Informasi Solusi (int),10/01/2022 00:50,10/01/2027 23:59,
bbfb7343-8553-41f4-ab14-267bc66a90c4,measure.id,premium,133.12,20.06,high,low,7,namesilo,,,
7a46488a-c6a7-45f5-82d9-0f070c9ad503,rudimentary.id,available,17.99,20.75,high,low,11,namesilo,,,
704c6b25-2773-437b-8d9d-fdacc090e9e6,gramme.id,available,17.99,20.75,high,low,6,namesilo,,,
2e3de08f-eae7-454a-ab54-984b4927e2bd,waiting.id,available,25.98,,high,low,7,namecheap,,,
bd23ee6e-db5c-4fda-a048-5eea055fcad2,winner.id,resell,,,high,low,6,PT Jagat Informasi Solusi (int),14/07/2021 00:22,14/07/2027 23:59,19/09/2026 06:13
846eaa4b-67ab-4685-8eaf-d9343e205a8f,disparity.id,available,17.99,20.75,high,low,9,namesilo,,,
eb63939f-1ede-4d5c-8594-f6598f5ed671,widen.id,available,17.99,20.75,high,low,5,namesilo,,,
530eaef6-1ffa-4941-9e38-0ca9bec3bc17,shaky.id,available,25.98,,high,low,5,namecheap,,,
c96a9471-8f66-4d3f-ad90-8a8ee06de7d6,grouping.id,available,25.98,,high,low,8,namecheap,,,
e5a7e9b4-f696-40f4-aec3-9d7159c8582c,figures.id,available,17.99,20.75,medium,low,7,namesilo,,,
19cf5f30-1599-4ceb-a6fe-130b26416550,tanks.id,available,25.98,,high,low,5,namecheap,,,
83a623fb-cd21-4fdc-8b4c-25a417390546,hairbrush.id,available,25.98,,high,low,10,namecheap,,,
fc10ae37-b299-4dd8-8661-aaaa5aec43eb,carry.id,resell,,,high,low,5,PT Jagat Informasi Solusi (int),04/12/2025 01:18,04/12/2026 23:59,
a23596a9-2f44-428c-abe2-2d3b77757eca,islands.id,available,,,high,low,7,,,,
45104663-a758-408b-a616-376266d6f8ae,speculation.id,available,25.98,,high,low,11,namecheap,,,
c47233a4-c93d-404a-bcd3-bab9ded53179,nash.id,premium,216.32,20.06,high,low,4,namesilo,,,
566c53be-a171-4f47-acd4-142c2b708bf3,her.id,premium,1455.02,20.06,high,low,3,namesilo,,,
587c4c69-90fb-4fe0-8041-e6ae2617cd6e,uncomfortably.id,available,17.99,20.75,low,low,13,namesilo,,,
597ade96-721b-4144-895c-8590c45366d5,invent.id,resell,,,high,low,6,PT Jagat Informasi Solusi (int),03/04/2022 16:02,03/04/2027 23:59,
4d5c5f9e-daf0-4fd0-aac8-c7f03ae11897,usually.id,premium,211.2,20.06,high,low,7,namesilo,,,
669ff73b-0c97-41df-9b5f-4672a78db046,bloodstream.id,available,17.99,20.75,high,low,11,namesilo,,,
83d10975-f346-4658-9b53-d9633bea9d3d,kitchen.id,resell,,,high,low,7,PT Registrasi Nama Domain,16/09/2020 00:29,16/09/2026 23:59,
e9dd6f10-443c-4048-9ecc-c4fa80bd6c0d,haste.id,available,25.98,,high,low,5,namecheap,,,
00f07128-9029-4f33-88da-d9995bcc48b2,thunder.id,resell,,,high,low,7,PT Jagat Informasi Solusi (int),08/01/2022 12:59,08/01/2027 23:59,
f3c958c4-5c36-4c82-9f48-69e4a74497a2,rake.id,premium,216.32,20.06,high,low,4,namesilo,,,
6584aa95-7db4-4022-bf25-7f109dc1a533,issue.id,resell,,,high,low,5,PT Core Mediatech,24/03/2016 04:36,24/03/2027 23:59,
2d0a221d-4f28-4470-a669-d876a4b62d72,marijuana.id,resell,,,high,low,9,PT Registrasi Nama Domain,21/04/2020 03:54,21/04/2027 23:59,
a753545d-ed66-4889-a00d-0667bc43b235,woops.id,available,17.99,20.75,high,low,5,namesilo,,,
49c64bba-d3a2-49e6-a9da-a68272a27c70,waterflow.id,available,25.98,,high,low,9,namecheap,,,
10a0568c-db44-425b-9658-d0a4010fc7ae,oatmeal.id,available,17.99,20.75,high,low,7,namesilo,,,
66858ccb-b29d-4966-b8d5-f541a887845f,standon.id,available,17.99,20.75,medium,low,8,namesilo,,,
bc48f887-e936-4ef4-ba0a-3647e236e8dc,created.id,available,25.98,,high,low,7,namecheap,,,
89303745-3b6b-4898-9720-e430f51fa808,walk.id,premium,363.52,20.06,high,low,4,namesilo,,,
e8c0a9e2-0ba6-4848-b4ac-7dfa0811dad9,candidacy.id,available,17.99,20.75,high,low,9,namesilo,,,
758186cf-bb3a-4e1e-8b7c-2f63eb2e0877,traveler.id,resell,,,high,low,8,PT Registrasi Nama Domain,12/04/2021 00:09,12/04/2027 23:59,
54c42ee5-21c3-415d-9d49-790b6c5207bf,erupt.id,available,17.99,20.75,high,low,5,namesilo,,,
8aeca120-cfb9-4afa-9aac-e51b789a8c16,grass.id,premium,211.2,20.06,high,low,5,namesilo,,,
9e236e62-29eb-4db0-a4f2-f49f9c0552d6,cot.id,premium,1455.02,20.06,high,low,3,namesilo,,,
b8129155-618c-4c71-8fe5-9131a0d26f8e,commercially.id,available,25.98,,high,low,12,namecheap,,,
d71dd1cd-26f6-4972-871c-bc7f4392b5b6,urban.id,resell,,,high,low,5,PT Jagat Informasi Solusi (int),03/11/2021 00:05,03/11/2026 23:59,
b86bd47c-629b-4619-973f-32fa3c7bcf6b,slot.id,resell,,,high,low,4,PT Registrasi Nama Domain,20/06/2018 06:01,20/06/2026 23:59,
6f8e5378-3b2b-48d5-8abe-f7500bd980e4,leak.id,premium,440.32,20.06,high,low,4,namesilo,,,
6b78d908-c856-4bbe-9ee4-39bb7a942efb,pretzel.id,available,17.99,20.75,high,low,7,namesilo,,,
809909d6-b611-4d7a-838a-ce4da8a34482,devotion.id,available,17.99,20.75,high,low,8,namesilo,,,
eb4db0c1-e24e-40bf-8fa1-fe6adf7f31c2,pinging.id,available,17.99,20.75,high,low,7,namesilo,,,
72bd9d81-c552-4d0e-a389-f9b1baf9780b,league.id,resell,,,high,low,6,PT Core Mediatech,17/08/2018 13:19,17/08/2027 23:59,21/09/2026 00:58
4a2c5cc4-35ef-42b0-b110-591408a9568c,instagrammable.id,available,17.99,20.75,medium,low,14,namesilo,,,
7ffb5b79-0620-4e4f-beac-199ddafb1ff4,vibrate.id,available,17.99,20.75,high,low,7,namesilo,,,
91a69a06-c836-477b-ae55-73a2bb75a2cc,dough.id,available,25.98,,high,low,5,namecheap,,,
28143dd4-84b1-4861-8f5a-108ee101fa67,coolly.id,available,17.99,20.75,medium,low,6,namesilo,,,
98ac949c-8219-48aa-ab67-0e95de52abdb,primer.id,available,17.99,20.75,high,low,6,namesilo,,,
eb624571-323d-459d-9157-de0f72aaa584,tuesday.id,resell,,,high,low,7,PT Core Mediatech,12/08/2019 08:41,12/08/2027 23:59,20/09/2026 19:50
9b2453ac-e305-4a2b-898b-534c6ee9acdc,deposits.id,available,17.99,20.75,medium,low,8,namesilo,,,
c79e75c4-6b5c-433c-8895-70e1b57edccc,continually.id,available,17.99,20.75,high,low,11,namesilo,,,
cea6d1cd-7021-48c1-96fb-0957b41d36ee,clinically.id,available,17.99,20.75,high,low,10,namesilo,,,
32491b0d-8717-445f-8d01-bb6153c88b87,towed.id,available,25.98,,medium,low,5,namecheap,,,
1a6e817a-3468-4a99-9f03-59ddd84c8280,wastebasket.id,available,17.99,20.75,high,low,11,namesilo,,,
40d4f062-69fe-45a9-baa0-3871a7867541,mmr.id,premium,1455.02,20.06,high,low,3,namesilo,,,
25df1f82-8a90-4f30-b67d-11f08bdfe7b3,anatomy.id,available,17.99,20.75,high,low,7,namesilo,,,
e539ee07-cf74-4718-be14-67784b94e978,june.id,premium,216.32,20.06,high,low,4,namesilo,,,
2ca754af-f796-4552-b1c0-5cc1f5fc2790,interest.id,premium,560.64,20.06,high,low,8,namesilo,,,
a56ca5b4-9e8e-47ce-a3dc-fe0a3ff4f7e8,crash.id,premium,444.16,20.06,high,low,5,namesilo,,,
738d217c-8c3b-4115-a987-23b3a2d8b934,named.id,available,,,high,low,5,,,,
0b6342b3-898e-471a-b5bf-35440407e6bf,rhoda.id,available,17.99,20.75,high,low,5,namesilo,,,
124e706c-1137-479d-b2bd-11b6e760bf9c,definitively.id,available,17.99,20.75,medium,low,12,namesilo,,,
28386f13-e56e-4311-b364-a558b2ab36cd,widowed.id,available,17.99,20.75,medium,low,7,namesilo,,,
b6692136-629f-4e65-97e0-ac5c3186459d,field.id,resell,,,high,low,5,PT Core Mediatech,12/08/2019 10:02,12/08/2027 23:59,20/09/2026 19:41
30a058c5-4c9f-4629-b6de-3973f45720cb,basics.id,available,17.99,20.75,high,low,6,namesilo,,,
34aab464-112f-44d2-8ec9-bf7f13387989,victim.id,available,25.98,,high,low,6,namecheap,,,
f4c12a85-b7ca-47d4-b8ab-b00e412ee9e9,analogy.id,available,17.99,20.75,high,low,7,namesilo,,,
d02a34e0-662f-4bfb-b38c-ba5b6db679fd,highlighting.id,available,17.99,20.75,high,low,12,namesilo,,,
f0960092-762d-4244-af3d-4ee3a16a56f1,sort.id,premium,355.84,20.06,high,low,4,namesilo,,,
f70838d3-eb13-4290-8328-5729ee1e06f9,entirety.id,available,17.99,20.75,high,low,8,namesilo,,,
3b258a52-713d-47c2-8877-e6fcc9d8331a,zanzibar.id,available,17.99,20.75,high,low,8,namesilo,,,
8783f0ab-4844-45ab-89fc-3ecd7e20d929,morning.id,resell,,,high,low,7,PT Core Mediatech,21/03/2016 06:18,21/03/2027 23:59,
72e58c47-6dc2-42af-ba23-4569948fed46,rogue.id,resell,,,high,low,5,PT Media Cloud Indonesia,01/03/2019 07:24,01/03/2027 23:59,
a32a32ec-7098-45b5-a224-853bae9a6793,chambers.id,available,22.98,25.98,high,low,8,namecheap,,,08/09/2026 06:47
de3f3596-e767-4160-b5d6-415412174421,negotiate.id,available,,,high,low,9,,,,
19cad94d-349e-49c5-969b-6cf123fea67d,omen.id,premium,216.32,20.06,high,low,4,namesilo,,,
953f8952-c88f-47fb-9050-c9ef0e3bcd2c,height.id,premium,133.12,20.06,high,low,6,namesilo,,,
6481170e-7f2d-4d82-ad7c-f1a7abf45b90,underestimate.id,available,17.99,20.75,high,low,13,namesilo,,,
46153015-ad81-4c32-9470-55f41e04e926,employment.id,premium,677.12,20.06,high,low,10,namesilo,,,
8a56e042-0f35-4b99-bf7d-211b8631a3ac,hercules.id,available,,,high,low,8,,,,
8ab76a30-ddd7-491b-89a5-7b6f8e05d1c8,disgrace.id,available,17.99,20.75,high,low,8,namesilo,,,
eb55aac7-6b6e-4f3c-a476-371c9d173649,earn.id,resell,,,high,low,4,,06/12/2019 08:27,,
b9ea77b5-8ea4-4dc9-afaf-c8644a78113b,experience.id,resell,,,high,low,10,PT Registrasi Nama Domain,03/04/2022 00:49,03/04/2027 23:59,
8e96a924-a833-4558-ac20-221222fcdf8b,orleans.id,available,17.99,20.75,high,low,7,namesilo,,,
f65d855f-6bc0-4203-96d9-6b17ddce1623,very.id,resell,,,high,low,4,PT Jetcoms Netindo,18/07/2017 07:12,18/07/2027 23:59,19/09/2026 12:12
219999b2-0ca9-4a03-bddd-de4163ff937c,nyse.id,premium,216.32,20.06,high,low,4,namesilo,,,
263a4e38-f3ea-496b-8f83-dd159294fed9,division.id,premium,133.12,20.06,high,low,8,namesilo,,,
e3498c14-99b9-4ce6-b1fc-84d6af6d5b51,wrongful.id,available,17.99,20.75,medium,low,8,namesilo,,,
69ba60db-a13d-4ce4-bbb3-e3b6b2c01e86,river.id,resell,,,high,low,5,PT Jagat Informasi Solusi (int),24/01/2019 22:42,24/01/2027 23:59,
7cb29069-4905-4d1f-83e9-d6becccc01f4,employer.id,resell,,,high,low,8,PT Core Mediatech,24/03/2016 04:36,24/03/2027 23:59,
db64745c-9db7-4878-8bb7-7e7657d7abe7,occasion.id,premium,133.12,20.06,high,low,8,namesilo,,,
c3abe1a8-a48f-478b-adef-38acabc06c7d,knot.id,premium,221,22.75,high,low,4,namecheap,,,
d528879c-f18c-46a1-81bc-a4705c8fa4c8,velvet.id,resell,,,high,low,6,PT Jagat Informasi Solusi (int),23/02/2022 00:31,23/02/2027 23:59,
854c9c61-20e6-4942-a9b9-0076841633fe,shakespeare.id,available,17.99,20.75,high,low,11,namesilo,,,
b46bab06-39e1-47ae-8404-d7afaf178dbe,nostrils.id,available,17.99,20.75,medium,low,8,namesilo,,,
9dffcb03-5e29-46d4-9b10-a63325073314,dishonesty.id,available,17.99,20.75,high,low,10,namesilo,,,
f254fe74-27c9-464d-94d7-c7c4ed4e0e68,complement.id,available,17.99,20.75,high,low,10,namesilo,,,
c75b0877-3ace-48cf-9274-50c71c2ad878,when.id,premium,432.64,20.06,high,low,4,namesilo,,,
c9628aa0-ddf7-4e81-9c2c-d89858ed17ee,capitol.id,available,17.99,20.75,high,low,7,namesilo,,,
672396c0-e50b-4251-9bdf-c1c992fe9c1f,midday.id,available,17.99,20.75,high,low,6,namesilo,,,
2733b91c-52a8-4350-8597-3bae40ec6804,you.id,resell,,,high,medium,3,PT Cloud Hosting Indonesia,14/02/2023 04:16,14/02/2027 23:59,
061e4868-192b-4a0a-a63d-c13998bd19d1,dye.id,premium,1455.02,20.06,high,low,3,namesilo,,,
565be6e4-ca9b-4b71-8127-00cf1bc413cb,cheeses.id,available,17.99,20.75,high,low,7,namesilo,,,
4bf97338-02af-4e10-b9fb-787d6f897b95,campaigning.id,available,17.99,20.75,high,low,11,namesilo,,,
dfa92adc-f42a-4b7e-b46d-d1ea7533b2dc,cleopatra.id,available,17.99,20.75,high,low,9,namesilo,,,
8921bfad-f97e-4a55-9951-d2aa1ff79236,voting.id,resell,,,high,low,6,PT Digital Registra Indonesia,06/12/2021 00:50,06/12/2026 23:59,
004a731d-8a1f-49cd-ae59-03440637b2e6,exec.id,premium,216.32,20.06,high,low,4,namesilo,,,
585d8e1b-a0b3-4fed-9364-0c78165c1018,deficit.id,available,,,high,low,7,,,,
b93df7ea-baf6-4e63-b16b-9559ae9d9e17,upwards.id,available,17.99,20.75,high,low,7,namesilo,,,
4187f613-2d2a-4a90-a759-ff82b3ef7fd4,refreshed.id,available,17.99,20.75,high,low,9,namesilo,,,
1bf33b50-1b9a-4fdc-a95c-7ca3d823fb51,hindsight.id,available,17.99,20.75,high,low,9,namesilo,,,
48c7b243-61e7-4ed0-91b0-69facfdcbed9,most.id,available,,,high,low,4,,,,
46b5630e-7551-43a7-90c8-51d82282f01a,treasure.id,resell,,,high,low,8,PT Jagat Informasi Solusi (int),19/12/2019 07:09,19/12/2026 23:59,
baf7c542-9968-4482-9e06-cc3b1ed6fd0f,vaccination.id,available,17.99,20.75,high,low,11,namesilo,,,
6db835a4-d0b3-46a2-b893-7e57a55ddb5e,donation.id,resell,,,high,low,8,PT Digital Registra Indonesia,04/07/2025 00:18,04/07/2027 23:59,17/09/2026 15:57
ac8e9ea6-5db5-4d87-9791-affc3b96562b,dinosaur.id,resell,,,high,low,8,PT Jagat Informasi Solusi (int),13/10/2023 18:05,13/10/2026 23:59,
ac96f1a3-d578-427b-ae25-5892989d57f0,gotten.id,available,25.98,,high,low,6,namecheap,,,
1ed49423-a03f-4fa7-82e5-4a8a3892959e,receive.id,premium,133.12,20.06,high,low,7,namesilo,,,
6a8a717e-0123-467d-93d8-fc608aa1b832,broaden.id,available,17.99,20.75,high,low,7,namesilo,,,
3065563b-ee65-4921-9390-b84b43821786,disconnect.id,available,17.99,20.75,high,low,10,namesilo,,,
48ccb53a-04a8-4b56-b75a-2a09492d98c7,buffer.id,resell,,,high,low,6,PT Jagat Informasi Solusi (int),15/01/2022 10:05,15/01/2027 23:59,
9144cb6f-fe9a-4df4-a313-62ce6cb4c6ae,razor.id,premium,211.2,20.06,high,low,5,namesilo,,,
9e1107a8-c912-4591-b7b2-0476aa50892e,arbitrarily.id,available,25.98,,medium,low,11,namecheap,,,
d6766a62-7bf3-48e3-84d4-10bc1cf40588,muffin.id,available,25.98,,high,low,6,namecheap,,,
b7e1ae3b-b409-4051-976e-6c37061dce75,santa.id,available,17.99,20.75,high,low,5,namesilo,,,
fb64edd1-9325-4461-8d1e-80dd719952e5,laughter.id,available,17.99,20.75,high,low,8,namesilo,,,
89c7955b-639d-4804-813e-31e250253a73,zest.id,premium,238,24.5,high,low,4,namecheap,,,
78ca0450-433a-40d0-971b-7b69c8bf8537,discredit.id,available,17.99,20.75,high,low,9,namesilo,,,
eb1d617f-4502-43b5-be64-5dbf69e1c483,reunion.id,available,17.99,20.75,high,medium,7,namesilo,,,
c60e2b57-9c22-4f41-9124-b797d4236e5c,industrial.id,resell,,,high,low,10,PT Registrasi Nama Domain,14/10/2020 00:48,14/10/2026 23:59,
0efba0dd-bed2-461d-bd1c-23cf64f30088,ana.id,premium,1455.02,20.06,high,low,3,namesilo,,,
b8270ce0-e0c4-44c1-8636-38efde5dbf1e,season.id,resell,,,high,low,6,PT Core Mediatech,28/03/2016 01:05,28/03/2027 23:59,
4bc9b98e-8219-4a2f-baf6-2e74b4430ac0,unusual.id,available,17.99,20.75,high,low,7,namesilo,,,
25913844-a4ee-45dc-8481-9f7ea2ab12b9,younger.id,available,17.99,20.75,high,low,7,namesilo,,,
b1e26bb1-8fac-496e-9e3f-cfe9d5190409,lust.id,premium,216.32,20.06,high,low,4,namesilo,,,
dac61ce6-53bf-4cd8-ba77-780ca3249c3c,interested.id,premium,133.12,20.06,high,low,10,namesilo,,,
0daf9199-0cc8-4b3e-a700-39320031e7bd,band.id,premium,759.04,20.06,high,low,4,namesilo,,,
c37157dd-31e8-432e-8295-f36aa9ddd77b,size.id,premium,510.72,20.06,high,low,4,namesilo,,,
f4a95ba6-43c9-4238-9e7a-ba37fb27250b,howso.id,available,17.99,20.75,medium,low,6,namesilo,,,
694d93ee-e2bf-46f5-a23f-7eafd6161e07,pita.id,premium,216.32,20.06,high,low,4,namesilo,,,
545fedac-31ee-4cf7-89b1-6eb3dc670075,facilitating.id,available,17.99,20.75,medium,low,12,namesilo,,,
d20a6911-cc43-4eb4-b7b7-42bf5a024ab4,overflow.id,resell,,,high,low,8,PT Media Cloud Indonesia,27/10/2025 14:25,27/10/2026 23:59,
1f5eb4da-c63e-431d-acdb-2fac023becc7,cow.id,premium,3056.7,20.06,high,low,3,namesilo,,,
14edea56-c524-4dcc-8783-f186e1235231,characteristics.id,available,17.99,20.75,medium,low,15,namesilo,,,
0c28952a-df69-4bd5-8b47-56ecd2f8cca0,grey.id,available,14.19,20.75,high,low,4,namesilo,,,08/09/2026 07:08
818f357f-e227-4f94-8b8e-d8a76a3b4059,proven.id,resell,,,high,low,6,PT Jagat Informasi Solusi (int),26/07/2023 00:52,26/07/2027 23:59,20/09/2026 01:03
45342c60-13ef-4b51-9816-98a3b01e9408,usual.id,premium,211.2,20.06,high,low,5,namesilo,,,
beccf792-c0c0-448b-a713-61d43ec7b5f6,messy.id,available,17.99,20.75,high,low,5,namesilo,,,
6ab6635b-13d9-4289-98fe-6feeedbfcb35,promoter.id,available,17.99,20.75,high,low,8,namesilo,,,
f6dc7c17-9287-4248-8ae6-83b64182dc23,fog.id,premium,1455.02,20.06,high,low,3,namesilo,,,
b43faaf4-2be7-4992-9419-5f66f42d4262,outer.id,available,17.99,20.75,high,low,5,namesilo,,,
0f153282-8d7c-425a-975d-80d54374cfd2,hammer.id,resell,,,high,low,6,PT Jagat Informasi Solusi (int),04/01/2022 09:24,04/01/2027 23:59,
c21b18a8-7ead-4ea3-9155-0a5c64c277cc,mouthy.id,available,25.98,,medium,low,6,namecheap,,,
9e6274ca-c3f4-4135-9702-139903898631,shout.id,resell,,,high,low,5,PT Jagat Informasi Solusi (int),29/05/2020 01:00,29/05/2027 23:59,
724ed27a-9c78-4e81-b467-e457bf8d3dcd,accommodate.id,available,25.98,,high,low,11,namecheap,,,
d7627f69-5900-43ca-a410-e5bc7e16a5d5,excursion.id,available,17.99,20.75,high,low,9,namesilo,,,
fd4cd109-c981-47c6-af20-3f6fabc1af84,stain.id,available,17.99,20.75,high,low,5,namesilo,,,
ec1ea512-bd31-4d43-a04c-8c5751c2d036,flourishing.id,available,25.98,,high,low,11,namecheap,,,
c8e01efe-8d4f-45d0-a02b-bc1011451ca5,vo.id,resell,,,high,medium,4,,06/12/2019 08:28,,18/09/2026 13:18
27bf7b6d-ae2a-4564-9e94-81dcdc73c128,exit.id,available,,,high,low,4,,,,
3d41ff6b-de09-4087-afc9-0be1f156b103,wages.id,available,17.99,20.75,high,low,5,namesilo,,,
181ef48f-b923-4468-abb5-de7162a971f6,freely.id,available,25.98,,high,low,6,namecheap,,,
7e9173d0-fb3e-4c1f-a633-fc776cd31219,shakira.id,available,17.99,20.75,high,low,7,namesilo,,,
93af51cf-bfdf-419c-a3ad-ff2c1256d88e,cows.id,premium,238,24.5,high,low,4,namecheap,,,
0b3b5aec-2576-4df1-b48c-cf21f8038e22,formalise.id,available,17.99,20.75,high,low,9,namesilo,,,
3a7df13c-1af1-41df-804e-a6e6ca6e1581,amongst.id,available,17.99,20.75,medium,low,7,namesilo,,,
6bdcff14-6931-4eb6-97a8-2258736b1d6e,blood.id,resell,,,high,low,5,PT Jetcoms Netindo,17/07/2017 10:16,17/07/2027 23:59,19/09/2026 10:57
dc115353-1f2b-448d-8b58-d61a89c31111,spartacus.id,available,17.99,20.75,high,low,9,namesilo,,,
16d11c90-17e2-4e6b-9a67-14080e81e27c,americas.id,available,17.99,20.75,high,low,8,namesilo,,,
19dac488-35e8-4b26-a646-61cd451b803e,locally.id,available,25.98,,high,low,7,namecheap,,,
0c0f759f-f685-4511-949d-58e883ef19f0,boxing.id,available,,,high,low,6,,,,
d7be36be-95e4-407c-8313-f5e86c6dad81,economy.id,resell,,,high,low,7,PT Core Mediatech,10/07/2016 03:30,10/07/2027 23:59,08/09/2026 12:29
edbc71e0-fb11-4e31-afbe-90f543597ccb,sea.id,resell,,,high,low,3,PT Jetcoms Netindo,19/07/2017 06:53,19/07/2027 23:59,19/09/2026 14:01
0cb22d87-0ff7-4f16-b491-7a6884b395f5,college.id,resell,,,high,low,7,PT Jagat Informasi Solusi (int),31/10/2023 00:39,31/10/2026 23:59,
860a874f-9a0a-43c6-b5f9-bcb7e8f20cdc,prioritize.id,available,17.99,20.75,high,low,10,namesilo,,,
250fae9e-eddc-4ccc-b316-7f8b99cdb6ce,loss.id,premium,371.2,20.06,high,low,4,namesilo,,,
2762d1c5-c164-4729-9eb3-6561fddf74e1,bathe.id,available,17.99,20.75,high,low,5,namesilo,,,
3a8f9607-d3eb-432c-813a-0aa0e6228068,speculate.id,available,17.99,20.75,high,low,9,namesilo,,,
c6422359-2875-41b9-ac0f-5c37c7f2411b,economically.id,available,17.99,20.75,medium,low,12,namesilo,,,
5a7b397b-bef1-49db-a4b1-1f604ca5e06c,crimes.id,available,25.98,,high,low,6,namecheap,,,
8948d1a3-82aa-460c-a2db-27e8ebe01320,sing.id,premium,432.64,20.06,high,low,4,namesilo,,,
0e7408b9-ebd1-4eef-a21f-42bb2945546c,port.id,resell,,,high,low,4,PT Jagat Informasi Solusi (int),26/07/2023 05:04,26/07/2027 23:59,20/09/2026 01:03
a038df74-acaa-4036-a47d-cb8d625ffc02,bolster.id,resell,,,high,low,7,PT Jagat Informasi Solusi (int),22/07/2021 15:49,22/07/2027 23:59,19/09/2026 18:44
767a4b41-13c0-4cb7-a2cc-cefaac3897dd,granola.id,available,25.98,,high,low,7,namecheap,,,
5d9032c1-104c-430b-a05e-fb23d2f6d399,categorical.id,available,17.99,20.75,high,low,11,namesilo,,,
eb7c450c-9c83-4fa7-988b-520ead010e8b,selfish.id,available,17.99,20.75,high,low,7,namesilo,,,
a2b5b36d-2f89-4e7e-b649-316777000104,metre.id,available,17.99,20.75,high,low,5,namesilo,,,
f4490241-9d65-4d54-9c83-e6a98f2428c5,buck.id,premium,371.2,20.06,high,low,4,namesilo,,,
fc5aab48-0b5a-4504-b07b-d2295737de69,relevance.id,available,17.99,20.75,high,low,9,namesilo,,,
c3e777e5-f4d2-478f-a75e-4f32502d1102,gregg.id,available,17.99,20.75,high,low,5,namesilo,,,
d7b2fc09-5204-42f3-8baa-90c26b579547,upon.id,premium,355.84,20.06,medium,low,4,namesilo,,,
bd498419-ff11-4840-9740-c80373e14c12,detoxify.id,available,17.99,20.75,high,low,8,namesilo,,,
d8228a05-2c3b-4bdc-9687-2f75efa51881,hic.id,premium,1455.02,20.06,high,low,3,namesilo,,,
eacb0500-a955-4b9d-aa2c-f57ca0344655,sole.id,premium,216.32,20.06,high,low,4,namesilo,,,
ccc99e1b-4c0c-4257-b58e-cf63969d7bb7,intercultural.id,available,17.99,20.75,high,low,13,namesilo,,,
2e1dfb4f-a3c6-4506-abb7-30530a4b2a77,claim.id,resell,,,high,low,5,PT Aksara Data Digital,29/08/2024 00:33,29/08/2027 23:59,22/09/2026 21:42
c5fb7717-5925-4732-a3d3-215f682b4794,highschool.id,available,17.99,20.75,high,low,10,namesilo,,,
1a12fa6e-56c7-4748-9e0a-2f8f5048a4fa,polythene.id,available,17.99,20.75,medium,low,9,namesilo,,,
35306382-61ce-4410-b337-b687b49b795c,cord.id,premium,216.32,20.06,high,low,4,namesilo,,,
957f889a-8e5b-4aaa-9308-b7fae7a55d88,snore.id,available,17.99,20.75,high,low,5,namesilo,,,
3a8db04c-4499-44d4-b394-b46c65975c20,gran.id,premium,238,24.5,high,low,4,namecheap,,,
1693e700-841a-42eb-96b3-214de838d407,successor.id,available,25.98,,high,low,9,namecheap,,,
6726bd1e-3184-4ae4-8e91-c63131b416de,criticise.id,available,25.98,,high,low,9,namecheap,,,
4ace3565-9ca2-4d8f-bce3-454f9271a83b,modeller.id,available,25.98,,high,low,8,namecheap,,,
804d8fdf-70f1-4c5a-9755-efce9fc1187f,commonsense.id,available,17.99,20.75,high,low,12,namesilo,,,
e75bbcf6-6f66-4e16-8a40-2f94c758b3cf,step.id,premium,409.6,20.06,high,low,4,namesilo,,,
8d7f2d50-971a-4ac2-97e5-000abe477f39,bond.id,premium,759.04,20.06,high,low,4,namesilo,,,
674e9958-bda6-4a6d-b51a-703144dd0369,windsor.id,available,17.99,20.75,high,low,7,namesilo,,,
9e8bff9e-2ff4-47b3-872d-7b067e349de6,rejection.id,available,17.99,20.75,high,low,9,namesilo,,,
7eb46d42-ac5a-4603-87cf-a872d3a0024e,tho.id,premium,1680,24.5,medium,low,3,namecheap,,,
2288b832-f298-43b4-8fcf-f0698afc7853,parent.id,resell,,,high,low,6,PT Jagat Informasi Solusi (int),02/07/2023 00:43,02/07/2027 23:59,17/09/2026 11:47
bcdacde2-38fa-4a6c-a4e5-67de009a54ff,cowboy.id,resell,,,high,low,6,PT Core Mediatech,30/06/2018 12:42,30/06/2027 23:59,17/09/2026 07:15
59d1a7cd-6a3f-4eea-b7ce-3ab2ee4455b1,ready.id,resell,,,high,low,5,PT Exabytes Network Indonesia,28/08/2020 00:16,28/08/2027 23:59,22/09/2026 20:25
1deb9343-f6aa-408b-88cb-7dc5f85f4d33,mentioned.id,available,17.99,20.75,medium,low,9,namesilo,,,
7494d883-6a8b-4ca1-b929-ce68fb47b430,fort.id,resell,,,high,low,4,PT Jagat Informasi Solusi (int),31/07/2024 03:37,31/07/2027 23:59,
12330bb1-c463-4691-a6e3-22259b3df709,then.id,premium,355.84,20.06,high,low,4,namesilo,,,
075eb039-1e10-44d1-bd15-7c597ebaee34,ive.id,premium,1455.02,20.06,medium,low,3,namesilo,,,
175ea671-ed78-44bd-bd0f-6b7ce21b3cb1,supersize.id,available,25.98,,high,low,9,namecheap,,,
41c4cbc9-0088-4a64-97e2-6b83ff053855,male.id,premium,216.32,20.06,high,low,4,namesilo,,,
c27743a9-fa3c-4cb4-8ac0-8f1c881f7c17,rest.id,premium,455.68,20.06,high,low,4,namesilo,,,
97afdff7-1cc1-41da-80fd-ed3fb7d59fee,picked.id,available,17.99,20.75,high,low,6,namesilo,,,
3759d3bd-9d68-4111-8186-592615786244,whether.id,available,17.99,20.75,high,low,7,namesilo,,,
f519a53b-04ed-491f-b1bf-505e45747ec6,pamela.id,resell,,,high,low,6,PT Jagat Informasi Solusi (int),13/10/2025 14:50,13/10/2026 23:59,
9d3a5043-9a4d-4992-88bb-21392312293b,corridor.id,available,17.99,20.75,high,low,8,namesilo,,,
7e7dc386-7c0e-4d56-a871-449d7b59e4f5,navy.id,premium,238,24.5,high,low,4,namecheap,,,
bd7ec469-59b4-4006-b6c3-f3fdbed32d8a,junior.id,resell,,,high,low,6,PT Jagat Informasi Solusi (int),28/11/2021 00:29,28/11/2026 23:59,
05c41b0f-2d10-433d-aaa3-1ee8bc85bed8,hate.id,premium,371.2,20.06,high,low,4,namesilo,,,
354c1724-4589-49b7-ad52-624a395871e5,somehow.id,available,25.98,,high,low,7,namecheap,,,
f73a8585-92fb-484e-a14a-289f1075ea43,yeah.id,premium,401.92,20.06,high,low,4,namesilo,,,
d7f53fba-c412-4682-9d73-8d279fe1bb43,rainbow.id,resell,,,high,medium,7,PT Jagat Informasi Solusi (int),23/06/2020 20:55,23/06/2026 23:59,
8550c380-eb58-4a02-9f97-b3105f522d28,night.id,resell,,,high,low,5,PT Jetcoms Netindo,12/07/2017 06:53,12/07/2027 23:59,18/09/2026 07:11
2247ba05-ce27-4f5f-89cf-feda5e12f449,sexual.id,resell,,,high,low,6,PT Digital Registra Indonesia,13/12/2020 20:32,13/12/2026 23:59,
6ba1c8df-5fff-49de-bbf4-6a693c5e1c94,concoct.id,available,25.98,,high,low,7,namecheap,,,
7911c5fa-f23e-46e6-ae9d-edeb5245b57e,purpose.id,premium,211.2,20.06,high,low,7,namesilo,,,
5f2df253-9224-4fa3-9796-809485907139,pasta.id,resell,,,high,low,5,PT Digital Registra Indonesia,20/10/2025 04:45,20/10/2026 23:59,
c9c23b97-0211-494d-af5d-a573a48a215b,angle.id,resell,,,high,low,5,PT Jagat Informasi Solusi (int),24/07/2021 02:36,24/07/2027 23:59,19/09/2026 22:21
9f680d50-0bf2-4c3f-8d7d-80feb14f3bd1,francesca.id,available,25.98,,high,low,9,namecheap,,,
67b10482-97ba-49e6-85d0-105590eada2d,innocence.id,available,17.99,20.75,high,low,9,namesilo,,,
a69238ad-f1f2-4692-a8bc-e8b62564753a,toothcare.id,available,25.98,,medium,low,9,namecheap,,,
585190b7-29c9-49d3-ad55-97a5a1db537d,streetcleaner.id,available,25.98,,low,low,14,namecheap,,,
0c15fb19-749e-4b83-8bd7-6f95700d1a5d,pair.id,premium,355.84,20.06,high,low,4,namesilo,,,
06e391c3-cb67-4dc2-9deb-d31567505452,jot.id,premium,1455.02,20.06,high,low,3,namesilo,,,
90c97101-dd1e-4a19-9bf4-7c48a7ef2591,unfair.id,available,17.99,20.75,high,low,6,namesilo,,,
4a0b89ed-8cb7-4ffc-a58f-6934c2c4197c,unimportant.id,available,17.99,20.75,medium,low,11,namesilo,,,
c7732396-f1eb-40ab-bb82-e6cb9bd97b52,vandalism.id,available,17.99,20.75,medium,low,9,namesilo,,,
e04c63b6-59f0-4fd5-88d5-7c2939329e00,formalize.id,available,17.99,20.75,high,low,9,namesilo,,,
d7d43a56-578e-428c-b2b1-1ec508ef5cb4,norfolk.id,available,17.99,20.75,high,low,7,namesilo,,,
1d8108f9-0f79-4760-a3a1-3eff33c4d9bc,dvd.id,premium,1455.02,20.06,high,low,3,namesilo,,,
9c38a722-106f-4b66-adc6-9dfe9e2508e5,boxers.id,available,25.98,,high,low,6,namecheap,,,
dc4505ee-081f-4310-b7d3-57e77d92fe34,sacrificial.id,available,25.98,,high,low,11,namecheap,,,
c134d75b-fd08-4115-8ea8-f90dd585f9d7,chairwoman.id,available,17.99,20.75,high,low,10,namesilo,,,
ee05b6aa-7675-4d8b-a26a-b36cdedfb416,threatening.id,available,17.99,20.75,medium,low,11,namesilo,,,
8a833c9b-1ae1-48cc-8ad9-ec2a5f8cdf9a,tomboy.id,available,25.98,,high,low,7,namecheap,,,
de110aae-6773-4809-8a5c-48a54777d419,pup.id,premium,1455.02,20.06,high,low,3,namesilo,,,
0e70307f-7eef-43d2-b4f1-a8695e8d5a1a,laziness.id,available,17.99,20.75,medium,low,8,namesilo,,,
19b2b52e-bbeb-4fe0-b4b4-85708eabfff9,technicality.id,available,17.99,20.75,high,low,12,namesilo,,,
2e342bd2-02d1-480d-88f7-db4bd20f5a88,freedom.id,resell,,,high,medium,7,PT Jagat Informasi Solusi (int),10/10/2023 00:30,10/10/2026 23:59,
92246a04-f6e1-41c1-9cc3-11b51ca03623,variety.id,available,17.99,20.75,high,low,7,namesilo,,,
6cc42209-9d0f-4732-885a-82a018e113fc,pool.id,premium,759.04,20.06,high,low,4,namesilo,,,
dbd427a8-645d-4b5a-bc17-96621b57b0fe,evolve.id,resell,,,high,low,6,PT Registrasi Nama Domain,22/03/2021 00:59,22/03/2027 23:59,
298cb524-a96f-4240-b9eb-e2b93b69451f,roundabout.id,available,14.19,20.75,medium,low,11,namesilo,,,12/08/2026 08:20
d6c22a8c-34b3-414f-80b4-dd4472754c0d,troll.id,resell,,,high,low,5,PT Media Cloud Indonesia,08/10/2025 08:10,08/10/2026 23:59,
f23c0450-f167-455b-80c8-1f71482e8f4d,should.id,available,,,high,low,6,,,,
b063001e-5027-4df8-b616-d4913cdafffa,antioxidant.id,available,17.99,20.75,high,low,11,namesilo,,,
0fa8325f-9029-47d0-9600-546e13624e8c,exactly.id,premium,133.12,20.06,high,low,7,namesilo,,,
5b4f6045-7591-4573-b0c2-3854b998b252,boards.id,available,17.99,20.75,high,low,6,namesilo,,,
c5169180-bf85-4447-b66a-19a36806256c,sauce.id,premium,133.12,20.06,high,low,5,namesilo,,,
c6b0c4b4-9ed4-4413-8bdb-631771021f1e,kilogram.id,available,17.99,20.75,high,low,8,namesilo,,,
5b80d3a5-c1a0-46ad-ae8d-e88b546545ae,childhood.id,premium,133.12,20.06,high,low,9,namesilo,,,
2a9ea8d3-9ee5-45ad-a573-a9168ac0044d,tracked.id,available,17.99,20.75,high,low,7,namesilo,,,
6b9d8d98-0269-4e96-90a2-53183db0dc15,uncommitted.id,available,17.99,20.75,medium,low,11,namesilo,,,
79b41a75-a0cf-4cc8-8f6b-8269deea3e25,scheme.id,premium,211.2,20.06,high,low,6,namesilo,,,
c8e85d3e-ca7d-4615-a2ed-30c899abe36b,uppercase.id,available,17.99,20.75,high,low,9,namesilo,,,
859c2ceb-178b-4965-bb22-a74396d122a2,deflation.id,available,17.99,20.75,medium,low,9,namesilo,,,
c736f1b0-74d0-4dbb-9cac-e7a9bc57ead0,nan.id,premium,1680,24.5,high,low,3,namecheap,,,
e0001497-7ffa-422c-a792-0f685239bea0,winterhaven.id,available,17.99,20.75,high,low,12,namesilo,,,
bc27c7f2-1264-4e7d-be26-14835ad7f759,kleenex.id,available,17.99,20.75,high,low,7,namesilo,,,
b16493c9-8057-48bc-85ff-346333b2d105,kiss.id,premium,867.84,20.06,high,low,4,namesilo,,,
7df651a5-bba1-49c0-a679-de25445ade75,pride.id,resell,,,high,low,5,PT Jagat Informasi Solusi (int),11/10/2019 07:29,11/10/2027 23:59,
7faa8005-5869-4532-8df2-7551786d7786,yourselves.id,available,17.99,20.75,medium,low,10,namesilo,,,
340a55b9-de03-4459-8bf8-1481646c389e,youngest.id,available,17.99,20.75,high,low,8,namesilo,,,
b0f47e85-0f41-48c5-ac86-7fe82351103b,resignation.id,available,25.98,,high,low,11,namecheap,,,
ef054119-cfac-4291-ad4b-32a5bc551b35,lightweight.id,available,17.99,20.75,high,low,11,namesilo,,,
e5213f0d-d57f-4e61-afc6-83f8678c9478,are.id,premium,1560,22.75,high,low,3,namecheap,,,
ab7f7423-51b1-46b5-b662-2d2f389a0289,shrek.id,available,25.98,,high,medium,5,namecheap,,,
60f80433-5399-4fa7-a754-28dc2b09fbe9,jody.id,premium,238,24.5,high,low,4,namecheap,,,
d6cc0f34-13e3-45a9-a9d4-583eb2ca715e,surfer.id,available,25.98,,high,low,6,namecheap,,,
f0f3f879-5d4e-4101-96a7-08b6b49bf871,sued.id,premium,216.32,20.06,low,low,4,namesilo,,,
7595750b-9c2e-4391-aeac-a40a9722efa4,mcmuffin.id,available,25.98,,high,low,8,namecheap,,,
cd01a1a0-ed39-40ff-9140-ca3a8753a847,moderation.id,available,17.99,20.75,high,low,10,namesilo,,,
33405571-4194-4fba-ad9a-b3d421c4fdad,con.id,premium,1560,22.75,high,low,3,namecheap,,,
de92d94c-e037-4211-b747-37a7486f3421,briefcase.id,available,25.98,,high,low,9,namecheap,,,
a3111057-d1b3-44d4-8307-6383ec5f6a67,touchdown.id,available,17.99,20.75,high,low,10,namesilo,,,
d882fa31-3305-4461-b8be-2d02fa68ab93,stairs.id,available,,,high,low,6,,,,
3e735483-efa0-4e62-8a9f-8e566d45fb70,advisor.id,resell,,,high,low,7,PT Digital Registra Indonesia,11/06/2024 00:29,11/06/2026 23:59,
baaf9d58-c1fa-4831-a658-695e10a8eaf8,respiratory.id,available,,,high,low,11,,,,
679eb904-9911-48e4-b66d-bbd96309c505,dick.id,premium,216.32,20.06,high,low,4,namesilo,,,
8ac38e98-6efa-45c5-973c-1284b4884d03,sawtooth.id,available,17.99,20.75,medium,low,9,namesilo,,,
f0c01c71-220b-44b3-9cb6-947fbbc1fa49,club.id,resell,,,high,low,4,PT Jagat Informasi Solusi (int),08/12/2024 00:15,08/12/2026 23:59,
92ae416b-5dab-4b66-8856-9911c3daba10,their.id,premium,133.12,20.06,high,low,5,namesilo,,,
d5eed173-2e1a-47f7-9902-533562d4e944,beads.id,available,17.99,20.75,high,low,5,namesilo,,,
92261f1b-2dfd-4f06-9a22-8f5613c31e26,cabbage.id,available,25.98,,high,low,7,namecheap,,,
0fd4bbc4-0392-470e-ba4e-d388c8ee7680,bridget.id,available,25.98,,high,low,7,namecheap,,,
13d30018-7696-4732-b6f7-9a02cabc81aa,length.id,premium,133.12,20.06,high,low,6,namesilo,,,
d96fb811-bd37-4916-a6cf-718ce7098063,save.id,resell,,,high,low,4,PT Jetcoms Netindo,19/07/2017 07:18,19/07/2027 23:59,19/09/2026 14:00
6f6047b0-84f0-485f-af14-b6d6c687fdce,dishonor.id,available,17.99,20.75,high,low,8,namesilo,,,
3cdcf36d-039e-466e-bd65-d69792da4a53,conference.id,resell,,,high,low,10,PT Exabytes Network Indonesia,28/05/2021 00:55,28/05/2027 23:59,24/09/2026 07:58
d424efaf-cbd7-4841-93a8-aae0378e2dd9,oxfam.id,available,17.99,20.75,high,low,5,namesilo,,,
991f405e-6c71-4291-bc52-ddf37bc8f971,boy.id,resell,,,high,low,3,PT Jetcoms Netindo,19/07/2017 06:52,19/07/2027 23:59,19/09/2026 13:16
56ab1ccf-e6e8-45d1-9315-ff519f2c70fb,prose.id,available,17.99,20.75,high,low,5,namesilo,,,
c2a44890-a131-480e-9f25-b440de2f4cf6,devour.id,available,17.99,20.75,high,low,6,namesilo,,,
68d5cff1-87b1-4f62-967b-dd6815b668ab,deliver.id,resell,,,high,low,7,PT Registrasi Nama Domain,28/04/2021 00:28,28/04/2027 23:59,
2eee736e-0128-4e78-8d9e-e2aea3056464,soul.id,resell,,,high,medium,4,PT Jagat Informasi Solusi (int),05/07/2018 07:02,05/07/2027 23:59,17/09/2026 17:45
1cf7a02c-23fd-445c-a479-098f431fcc1c,acids.id,available,17.99,20.75,medium,low,5,namesilo,,,
6cacdecb-48d2-4350-bd92-ec202959a860,intrigue.id,available,17.99,20.75,high,low,8,namesilo,,,
8bf7ee2b-7e15-4f1b-af3c-6b0cbe225fe7,mouth.id,premium,556.8,20.06,high,low,5,namesilo,,,08/09/2026 03:51
00e2f708-90b5-41a1-a67d-28715bcc9d94,untrue.id,available,17.99,20.75,medium,low,6,namesilo,,,
2fd35375-eb0a-41d8-9111-bd7356bbd7e8,prominent.id,premium,133.12,20.06,high,low,9,namesilo,,,
879d4a64-2d5f-43d7-902d-07072831f4ea,shine.id,resell,,,high,low,5,PT Jagat Informasi Solusi (int),04/10/2021 12:49,04/10/2026 23:59,
022df7ff-badb-4bfb-87aa-7717b4d6f2ae,pat.id,premium,1455.02,20.06,high,low,3,namesilo,,,
8f78febc-524b-4a65-b2ed-290120a7a9dd,consistently.id,available,17.99,20.75,high,low,12,namesilo,,,
ec7b3f36-1529-46f3-87bd-0fc080b056f6,allocate.id,available,17.99,20.75,high,low,8,namesilo,,,
b265be1a-a525-4bc0-aafc-28f2d7f7c3c5,junction.id,available,14.19,20.75,high,low,8,namesilo,,,08/09/2026 09:48
a6cb3135-ca09-42bf-b559-238b3a7e175b,vie.id,premium,1455.02,20.06,high,low,3,namesilo,,,
91661fc9-a041-4599-819e-05528bc08b61,cone.id,premium,216.32,20.06,high,low,4,namesilo,,,
ae2d002e-0a1d-4b5f-bbb3-cee0751f8ba6,etch.id,premium,17.99,20.75,high,low,4,namesilo,,,
b86d5f7c-2758-488e-a11f-74a880d2b2be,thinking.id,premium,133.12,20.06,high,low,8,namesilo,,,
4468afa8-de57-407e-ad5c-7b7e081be687,slacking.id,available,25.98,,medium,low,8,namecheap,,,
993b22c8-8f9a-4f04-92f7-5cf8c3afc728,tune.id,available,,,high,low,4,,,,
e8fda40f-a48a-429e-8b57-618fe3c03822,bell.id,resell,,,high,low,4,PT Jetcoms Netindo,18/07/2017 07:15,18/07/2027 23:59,19/09/2026 12:04
7bb5b601-41b3-4f6f-b2c7-7cdcc843d956,perfected.id,available,17.99,20.75,high,low,9,namesilo,,,
e0fe4959-6ac8-41da-95f8-f34da0cbe6f5,husband.id,available,,,high,low,7,,,,
ec87b0eb-26a8-432a-80b6-15d160489dec,environmental.id,premium,133.12,20.06,high,low,13,namesilo,,,
d1cbc535-f52c-4683-925f-a4d3fafffa98,september.id,resell,,,high,low,9,PT Registrasi Nama Domain,26/09/2020 10:36,26/09/2026 23:59,
239ac1c7-1b92-4fc5-8ac3-8d4ecccf4d6f,pivot.id,resell,,,high,low,5,PT Jagat Informasi Solusi (int),22/04/2024 00:09,22/04/2027 23:59,
fe45a57a-f6d6-4834-b7d2-dd15e4ca391a,chore.id,available,17.99,20.75,high,low,5,namesilo,,,
dfb0888d-a54f-4800-bdc9-2d8364a615fe,unlocking.id,available,17.99,20.75,high,low,9,namesilo,,,
fae50580-1ff9-4e3d-9e31-5e9b570c7a6b,default.id,resell,,,high,low,7,PT Jagat Informasi Solusi (int),23/12/2019 01:31,23/12/2026 23:59,
11c6b626-671a-473b-9349-b0943a5394d5,djia.id,premium,216.32,20.06,high,low,4,namesilo,,,
2a763855-ca10-4e4a-b056-15a76bd971c1,centralised.id,available,17.99,20.75,high,low,11,namesilo,,,
bcc299e1-4ba5-41a1-b790-270bf8e39672,nyt.id,premium,1455.02,20.06,high,low,3,namesilo,,,
6a80450f-d34f-4620-a5bd-c8f384d6dd15,could.id,available,,,high,low,5,,,,
f5ea5b3f-9d1b-4fe2-9bbd-b9d25ba6fd5a,holding.id,resell,,,high,low,7,PT Jagat Informasi Solusi (int),10/01/2022 00:50,10/01/2027 23:59,
36a2b108-bf64-4890-85da-51370d62650f,fuckster.id,available,17.99,20.75,low,low,8,namesilo,,,
7eed967f-2b89-4500-ba64-4d2d6ddcc200,upper.id,premium,211.2,20.06,high,low,5,namesilo,,,
be1fb5c9-9172-4b45-b9a2-be61ab55572c,thug.id,premium,216.32,20.06,high,low,4,namesilo,,,
6c6f3d28-3e03-432f-815f-f9aba4abd9dc,coefficient.id,available,25.98,,high,low,11,namecheap,,,
df2c41d5-2bfa-4d64-9072-9d2db57c1c41,cockpit.id,available,17.99,20.75,high,low,7,namesilo,,,
2ca2e8b3-f050-4826-858b-013b83028cfe,athletics.id,premium,25.98,,high,medium,9,namecheap,,,
4c1af7b1-9f61-4949-997b-4997b808d36a,warfare.id,available,17.99,20.75,high,low,7,namesilo,,,
a222eb72-9a95-4679-8164-2c99959db4e5,replace.id,premium,133.12,20.06,high,low,7,namesilo,,,
e5d58a58-77ac-4355-b930-486abb767e85,bullet.id,premium,133.12,20.06,high,low,6,namesilo,,,
a7f73c1e-3e40-40e7-9710-4909563a0c04,possess.id,available,17.99,20.75,high,low,7,namesilo,,,
3371ec80-7e39-48a0-b3bf-f559f9bf0e01,annotated.id,available,17.99,20.75,high,low,9,namesilo,,,
665a5669-fd4c-4dec-9a50-7b77c7547dc4,tues.id,premium,216.32,20.06,high,low,4,namesilo,,,
c97b415c-55b1-4199-8b9b-107b76ccd5b9,draw.id,resell,,,high,low,4,PT Cloud Hosting Indonesia,14/02/2023 04:17,14/02/2027 23:59,
ce3a9b1a-526c-4c73-b6ee-325482c931be,meter.id,premium,211.2,20.06,high,low,5,namesilo,,,
43e6ef67-f1ff-44b7-a017-af291b7e8338,bull.id,premium,386.56,20.06,high,low,4,namesilo,,,
45cc3396-ada7-4b19-9dc9-d9543f3a18f5,quantities.id,available,17.99,20.75,low,low,10,namesilo,,,
eac4d5d6-1154-4be6-a128-d147159ada41,kingdom.id,resell,,,high,low,7,PT Jagat Informasi Solusi (int),31/12/2021 00:12,31/12/2026 23:59,
99446a13-0e1a-487b-8460-f40ed116796a,dishwasher.id,available,17.99,20.75,high,low,10,namesilo,,,
f54545fa-0ec1-4411-ab73-80112bccf570,nowadays.id,available,17.99,20.75,high,low,8,namesilo,,,
110c6c6a-a9ef-474c-9909-7c81c43b5027,bonus.id,resell,,,high,low,5,PT Jagat Informasi Solusi (int),18/09/2022 00:36,18/09/2026 23:59,
3925c92e-c7f8-4cc1-bdbb-63c3b89a9ebc,remember.id,resell,,,high,low,8,PT Jagat Informasi Solusi (int),18/07/2022 15:59,18/07/2027 23:59,19/09/2026 12:09
2757ed11-962f-4655-802b-fccba33e0acd,text.id,resell,,,high,medium,4,PT Cloud Hosting Indonesia,16/02/2026 03:42,16/02/2027 23:59,
6d11ab1e-d301-4598-95cc-20e8dbe72c18,valueable.id,available,17.99,20.75,medium,low,9,namesilo,,,
5e41032d-9192-408c-a457-69e55f0ec069,lake.id,premium,216.32,20.06,high,low,4,namesilo,,,
c03b1c5a-c612-4ba1-b645-e793df42e82e,cap.id,resell,,,high,low,3,PANDI Registrar,06/02/2023 07:05,06/02/2027 23:59,
eb8c84c3-dedc-466c-90bf-f672e1b3442f,sourcecode.id,available,14.19,20.75,high,low,11,namesilo,,,08/09/2026 07:26
0d110aae-9cda-49d8-872a-d36c04ea6948,accomplished.id,available,17.99,20.75,high,low,12,namesilo,,,
74450246-648b-4803-ac50-383d3ddcf9fc,choc.id,premium,216.32,20.06,high,low,4,namesilo,,,
dc6f41f3-5401-41eb-9eb5-98738ccf9b9d,circus.id,resell,,,high,low,6,PT Aksara Data Digital,23/02/2021 14:49,23/02/2027 23:59,
38879aa6-9e1b-411f-a470-e8715da0e761,looks.id,premium,211.2,20.06,high,low,5,namesilo,,,
81349b4c-4a4e-472f-bc85-7e1a85872aae,underwear.id,available,,,high,low,9,,,,
86d99a9d-d008-4a9c-8125-8cbb81c4a954,overtime.id,resell,,,high,low,8,PT Jagat Informasi Solusi (int),28/03/2026 00:00,28/03/2027 23:59,
03a0adc1-3164-4d9a-950a-f9a01b82bcc4,gaslighter.id,available,17.99,20.75,medium,low,11,namesilo,,,
b001585f-ff48-4ca3-9eb2-565158a1b971,worker.id,resell,,,high,low,6,PT Jagat Informasi Solusi (int),15/08/2021 00:34,15/08/2027 23:59,20/09/2026 22:48
f51859a3-08c4-4cfc-aa07-bdf88f9a9135,reversed.id,available,17.99,20.75,high,low,8,namesilo,,,
d31613ca-177a-4913-a40a-dc797df1fe0a,united.id,resell,,,high,medium,6,PT Digital Registra Indonesia,07/09/2024 00:37,07/09/2026 23:59,
9614072d-bbcf-4736-9781-7d3485d29e1f,comfortably.id,available,17.99,20.75,high,low,11,namesilo,,,
0681a749-23df-4174-8a8d-a38776390cf1,boob.id,premium,216.32,20.06,high,low,4,namesilo,,,
107bbf98-6902-466b-b77d-5029c70b9957,standby.id,resell,,,high,low,8,PT Aksara Data Digital,26/04/2018 03:15,26/04/2027 23:59,10/09/2026 18:37
e2fd1c2a-ee2f-4d6e-b83a-fb17bf9c38fb,coffin.id,available,17.99,20.75,medium,low,6,namesilo,,,
db057a55-dcc5-42b5-a457-8a2c2949e383,rewarding.id,available,25.98,,high,low,9,namecheap,,,
5728aa2e-c27b-486f-8669-dc122028bdc5,using.id,available,17.99,20.75,high,low,5,namesilo,,,
d0d2218b-14a4-4d8d-bd77-4a5ef7af61de,barter.id,resell,,,high,low,6,PT Jagat Informasi Solusi (int),16/09/2025 21:14,16/09/2026 23:59,
b47a78e4-b191-4484-b0f6-7ad8a35d3759,undisciplined.id,available,17.99,20.75,medium,low,13,namesilo,,,
0677efe3-3307-4e5b-b7a9-628205ab05bb,ohio.id,premium,216.32,20.06,high,low,4,namesilo,,,
de53b344-7a1a-41c8-b51c-df4a2150837a,shooting.id,premium,133.12,20.06,high,low,8,namesilo,,,
48ab34f5-b2f4-4935-b8f9-0ca57c176ffa,between.id,premium,133.12,20.06,high,low,7,namesilo,,,
5108c06e-b1cd-4ecf-b529-64a20425e04a,jolt.id,premium,216.32,20.06,high,low,4,namesilo,,,
e2289e1a-d120-4744-9017-6d72f2d42b47,premiere.id,resell,,,high,low,8,PT Aksara Data Digital,09/12/2020 15:35,09/12/2026 23:59,
6133708d-2903-46cf-a878-8facc809f693,courtyard.id,available,17.99,20.75,high,low,9,namesilo,,,
164f1a51-2fed-4cb0-be21-f28a61fe3e73,thoughtless.id,available,17.99,20.75,medium,low,11,namesilo,,,
26fd81b0-d4f2-45ad-921a-d151bd0e76d6,fact.id,premium,409.6,20.06,high,low,4,namesilo,,,
9d46261b-2ecd-414e-891b-b2131723b8ad,microphone.id,available,25.98,,high,low,10,namecheap,,,
f3ed3716-9a52-4b0d-889e-c39b7f06a8c5,chin.id,premium,216.32,20.06,high,low,4,namesilo,,,
42279960-8c3b-4273-ad71-f8d5dd744f97,psychic.id,resell,,,high,low,7,PT Registrasi Nama Domain,06/06/2021 09:48,06/06/2026 23:59,
c7d01a2e-a662-47ac-95c3-656a652d0810,wrecked.id,available,17.99,20.75,high,low,7,namesilo,,,
c519add6-0125-4b49-b1dd-7805f3e1cb63,hole.id,premium,331.52,20.06,high,low,4,namesilo,,,
8af0743c-d627-42c1-8977-65969a73f0a7,ear.id,premium,1455.02,20.06,high,low,3,namesilo,,,
ef0ac572-e02f-4bc0-8ee0-adcebcb084f1,affirmative.id,available,25.98,,high,low,11,namecheap,,,
b7272068-6944-4c06-ae9b-14181c1b99e1,boo.id,premium,1680,24.5,high,low,3,namecheap,,,
73ac229b-8e33-48d6-82e2-a6561f4ccde3,temporary.id,premium,133.12,20.06,high,low,9,namesilo,,,
6d601dc2-41b3-4bc6-8d0d-9e276b893601,unassuming.id,available,25.98,,high,low,10,namecheap,,,
ff4f20e1-adfd-47a8-8372-3ebf73b25730,ages.id,premium,216.32,20.06,medium,low,4,namesilo,,,
fb15ce24-3d01-4594-a817-f4db3bd23f9c,diner.id,available,17.99,20.75,high,low,5,namesilo,,,
6941d3c7-1007-46f5-819d-6b579c720921,reasonably.id,available,17.99,20.75,medium,low,10,namesilo,,,
f5f424ee-c02c-4bd8-ae45-01c84430339d,resounding.id,available,17.99,20.75,high,low,10,namesilo,,,
caad91c0-47da-4d46-b3cd-2ad18c6a1e50,fridge.id,available,17.99,20.75,high,low,6,namesilo,,,
8daca7fa-6c03-4b64-99df-738b1fcdfdf1,yuck.id,premium,216.32,20.06,high,low,4,namesilo,,,
5d2607a0-aefc-4751-827e-975262469e8c,curl.id,premium,216.32,20.06,high,low,4,namesilo,,,
338977b1-a4fb-447f-a3c4-ae6d72070c22,say.id,premium,1455.02,20.06,high,low,3,namesilo,,,
ffdd7d46-199e-4ccc-a8a4-cfa247ed495d,executing.id,available,17.99,20.75,high,low,9,namesilo,,,
83569ba7-1c99-4081-9109-eeb01de38a4a,enhance.id,resell,,,high,low,7,PT Cloud Hosting Indonesia,08/04/2026 06:46,08/04/2027 23:59,
7804c8e4-c21c-45f7-b0ef-734b4926855e,longitude.id,available,17.99,20.75,high,low,9,namesilo,,,
8291680c-936e-4fb2-8c6a-06f99d99cc4a,burger.id,resell,,,high,low,6,PT Digital Registra Indonesia,17/07/2019 03:44,17/07/2027 23:59,19/09/2026 10:58
8ac43e0e-93c7-4dde-998d-96b39c40f81b,spirited.id,available,17.99,20.75,high,low,8,namesilo,,,
61bb0e04-1e19-4c96-80d2-60a0f5d29afe,kangeroo.id,available,17.99,20.75,high,low,8,namesilo,,,
c02734c6-7a17-4d27-aede-bfc37ae33129,men.id,available,,,high,low,3,,,,
cad26b54-dba1-4a38-8f18-5cf540e2c83a,cameraman.id,available,17.99,20.75,high,low,9,namesilo,,,
2a0cadde-c404-40f4-a3e4-2b12ed2f647c,accident.id,premium,520.96,20.06,high,low,8,namesilo,,,
a621a371-d454-4a3c-a81b-2cd2dacbc697,ann.id,premium,1455.02,20.06,high,low,3,namesilo,,,
a1dc820c-d33d-4be5-a8b5-cb388dfb55dc,sailor.id,available,17.99,20.75,high,low,6,namesilo,,,
c7a64e5e-0694-4a26-9812-15d0c21e8606,affidavit.id,available,17.99,20.75,high,low,9,namesilo,,,
099bf0ba-52f8-402a-a108-a987bd68ccfe,principles.id,available,17.99,20.75,high,low,10,namesilo,,,
7557f333-aa48-4752-99d8-08ef2ca61eca,memorize.id,available,17.99,20.75,high,low,8,namesilo,,,
4f76f140-077e-46e8-87cd-81618fa628d4,mac.id,resell,,,high,high,3,PT Jetcoms Netindo,19/07/2017 07:39,19/07/2027 23:59,19/09/2026 13:44
cdf7d26a-25d2-4fbf-956f-973c442c03a9,brass.id,available,25.98,,high,low,5,namecheap,,,
972212b0-f67c-483b-96fa-d441fa579575,vent.id,premium,216.32,20.06,high,low,4,namesilo,,,
c8e298de-5f49-4a41-a4af-c111bd5b2f67,investments.id,resell,,,high,low,11,PT Registrasi Nama Domain,18/06/2018 07:04,18/06/2026 23:59,
fae278da-5e21-4bf1-a628-08844d9c2378,surprise.id,available,,,high,low,8,,,,
5eb33845-48cc-4944-a2c2-89b8600a3fb0,endurance.id,resell,,,high,low,9,PT Jagat Informasi Solusi (int),29/08/2020 21:01,29/08/2027 23:59,22/09/2026 21:46
a17a6a53-d22b-4ccd-ade9-6f0961f8fd38,bank.id,resell,,,high,low,4,PT Cloud Hosting Indonesia,14/02/2023 04:10,14/02/2027 23:59,
38ed1a39-d862-4e40-8cba-7714c218b46c,astound.id,available,17.99,20.75,high,low,7,namesilo,,,
40007a0b-6c1e-45bd-a28f-7c55704b5495,ecommerce.id,resell,,,high,low,10,PT Aksara Data Digital,18/08/2014 07:32,18/08/2027 23:59,21/09/2026 02:00
91de5c6f-0469-4da0-8afa-332ad7830138,claire.id,resell,,,high,low,6,PANDI Registrar,06/10/2024 17:10,06/10/2026 23:59,
5abd0c9b-801f-4136-83bf-bad2ce357eba,else.id,premium,339.2,20.06,high,low,4,namesilo,,,
5cf33318-a6e5-4379-a82c-625390c44fb6,masculine.id,available,17.99,20.75,high,low,9,namesilo,,,
890b3963-3f92-49bc-bf16-e1edf3f34087,judges.id,available,25.98,,high,low,6,namecheap,,,
b273a76e-8d97-40b0-bf25-9faf206cf060,washing.id,available,17.99,20.75,high,low,7,namesilo,,,
48fea76e-5730-4a8d-b892-d2846840659a,wear.id,premium,759.04,20.06,high,low,4,namesilo,,,
65fd5ccf-2794-42e7-9b00-bf154df5d073,cannot.id,available,17.99,20.75,high,low,6,namesilo,,,
667ac4da-0c9f-455c-94b4-4a9eb1e5a3b7,came.id,available,17.99,20.75,high,low,4,namesilo,,,
95c84dca-68ce-4459-b1b6-c88430c68ede,both.id,premium,348.16,20.06,high,low,4,namesilo,,,
9caacdad-ddae-431d-bf99-ed86df558e46,animals.id,available,25.98,,high,low,7,namecheap,,,
3a57792e-0c41-4e60-ba49-bdbffc7ef157,distance.id,available,17.99,20.75,high,low,8,namesilo,,,
4350e587-4b89-42d7-9be4-45a6ab5147c5,whisking.id,available,17.99,20.75,high,low,8,namesilo,,,
6c6746a7-90e9-4178-b655-67d75325a1a2,airline.id,resell,,,high,low,7,PT Digital Registra Indonesia,10/03/2026 00:20,10/03/2027 23:59,
08aea2fd-0159-434b-a0fa-423228c69cb0,aids.id,premium,759.04,20.06,high,low,4,namesilo,,,
ddf1da87-95c4-4dee-9ed5-7ba0ff0511ba,farmer.id,resell,,,high,low,6,PT Digital Registra Indonesia,13/09/2024 04:37,13/09/2027 23:59,08/09/2026 06:02
1b39e5da-3f9b-44b5-9313-834c1f46924a,master.id,resell,,,high,low,6,PT Jagat Informasi Solusi (int),31/07/2025 00:46,31/07/2027 23:59,
4812dc2f-b6e7-4a0c-8bc3-64d86401c9c0,promotion.id,resell,,,high,low,9,PT Digital Registra Indonesia,06/02/2022 00:24,06/02/2027 23:59,
186fe6a2-ed7f-433d-89d3-326e21473875,diversify.id,available,17.99,20.75,high,low,9,namesilo,,,
3078fea8-ec5b-4b5f-bb45-a3d0d3e0a847,analyze.id,available,,,high,low,7,,,,
23b5cb0f-bc09-481b-8666-c4b7fb989b75,madison.id,resell,,,high,low,7,PT Registrasi Nama Domain,30/11/2022 15:46,30/11/2026 23:59,
91a9cafc-ab37-416f-ab35-d9a517d552b9,item.id,resell,,,high,low,4,,06/12/2019 08:27,,
21cf81bf-9d86-4b29-8b1a-bf3bc408b0a2,resolution.id,premium,133.12,20.06,high,low,10,namesilo,,,
500cd9ab-36c7-4156-a218-f89038b56d01,alimony.id,available,17.99,20.75,medium,low,7,namesilo,,,
382659a6-62cf-4132-a634-3e031d311423,took.id,premium,331.52,20.06,medium,low,4,namesilo,,,
a8ae23d8-3e57-4e00-8da2-01391bc37073,experimentally.id,available,17.99,20.75,medium,low,14,namesilo,,,
cab4a9ce-a930-4279-9db5-8bdf80e841c8,advice.id,resell,,,high,low,6,PT Core Mediatech,09/03/2016 17:57,09/03/2027 23:59,
3c43ef37-1d20-49a2-b23f-c3b81adc4e03,duck.id,premium,409.6,20.06,high,low,4,namesilo,,,
f844f0a7-f0f1-4df8-9200-c38723348f82,exaggerate.id,available,17.99,20.75,high,low,10,namesilo,,,
4a64196e-3fe9-418c-b327-4671c17ee281,bedhead.id,available,25.98,,medium,low,8,namecheap,,,
b56b29f7-05aa-46bd-bc26-a483cffca86a,cost.id,resell,,,high,low,4,PANDI Registrar,04/12/2025 02:40,04/12/2034 23:59,
a93e1509-71ba-4a38-bbcf-f89dd709f9bc,many.id,premium,348.16,20.06,high,low,4,namesilo,,,
e1eaed2f-7029-429c-a54d-cef05c84193f,exhaustion.id,available,25.98,,medium,low,10,namecheap,,,
bf8102fe-37d4-45e7-a689-56973e801029,marihuana.id,available,17.99,20.75,high,low,9,namesilo,,,
09dba601-b230-49eb-9e48-28454d2168e5,memorise.id,available,17.99,20.75,high,low,8,namesilo,,,
70bfd7c9-7f60-4004-8dcf-8fc7edd4b96f,retrieve.id,available,17.99,20.75,high,low,8,namesilo,,,
c4a69445-3a12-481e-b456-977b4dc764a0,jerk.id,premium,216.32,20.06,high,low,4,namesilo,,,
d729e1c9-f474-44d2-a5b6-e5b0f61a0cc3,dew.id,premium,1455.02,20.06,high,low,3,namesilo,,,
e8bfb66a-8b59-4b27-99ba-bd38d8467f4e,matisse.id,available,17.99,20.75,high,low,7,namesilo,,,
d68df948-1cc9-4c03-bc57-ad1ce8963c44,pray.id,resell,,,high,low,4,PT Registrasi Nama Domain,02/05/2018 18:00,02/05/2027 23:59,
1b7f6cde-d725-4ee5-b6eb-5b580cd9ba23,haircut.id,resell,,,high,low,7,PT Core Mediatech,06/04/2020 05:59,06/04/2027 23:59,
0c462c97-d9f8-4b26-9ff8-3c1fc420466b,saler.id,available,17.99,20.75,high,low,5,namesilo,,,
6038b597-1932-43a1-9b71-8cadf4563db9,contest.id,resell,,,high,low,7,,06/12/2019 08:27,,
0be1e61d-e769-4d58-8eb2-700db65fb76f,float.id,resell,,,high,low,5,PT Jagat Informasi Solusi (int),18/01/2022 14:15,18/01/2027 23:59,
1bba803a-2e23-4cd6-a528-97679154fb73,thorpe.id,available,17.99,20.75,high,low,6,namesilo,,,
bc6fcaa2-5664-4b34-8c9f-a1281b42b791,corn.id,premium,394.24,20.06,high,low,4,namesilo,,,
e4057032-c4c4-49d9-a3da-7c8763fa7e5d,topic.id,resell,,,high,low,5,PT Digital Registra Indonesia,26/01/2021 00:40,26/01/2027 23:59,
d77b8643-ce41-4a12-a202-7b036e3cc03d,assure.id,premium,133.12,20.06,high,low,6,namesilo,,,
1bfa05f9-5edc-441e-8ae6-f84165f973f4,speedup.id,available,17.99,20.75,high,low,8,namesilo,,,
3dad70ce-c112-4b96-8290-bb5420731469,dna.id,resell,,,high,medium,3,PT Jagat Informasi Solusi (int),06/02/2019 04:01,06/02/2027 23:59,
87741995-b064-4717-889a-2378d56a9ad0,complicate.id,available,14.19,20.75,high,low,10,namesilo,,,08/09/2026 14:25
d7410487-490e-400d-8cbe-59f1df34bf4f,lettuce.id,available,25.98,,high,low,7,namecheap,,,
e6db52f0-1973-4d39-aaef-ec90b845cfa7,history.id,resell,,,high,low,7,PT Jagat Informasi Solusi (int),28/06/2021 00:16,28/06/2026 23:59,
ee215b10-947e-490e-9bfa-3ba2ea3f7f01,mosquito.id,available,,,medium,low,8,,,,
df80423d-2bfa-4aac-b94b-f88b80a8e88f,cinnamon.id,available,17.99,20.75,high,low,8,namesilo,,,
e3c99350-9d9c-41a1-ba33-11578d1ceba7,rectangle.id,available,17.99,20.75,high,low,9,namesilo,,,
0b1b4c7e-dad0-43f1-a20e-23cecfb7ebb7,saint.id,available,17.99,20.75,high,low,5,namesilo,,,
cd4190cf-8931-40d6-9a1f-cc59d79a9c64,boot.id,premium,759.04,20.06,high,low,4,namesilo,,,
5017bae6-83be-488e-ad99-33eb6c8fc765,willingness.id,available,17.99,20.75,high,low,11,namesilo,,,
f7265300-9f26-4e64-9af6-a856f917d16d,rideshare.id,available,17.99,20.75,high,low,9,namesilo,,,
13342bcf-416a-4810-803c-d4a216cee25d,blowout.id,available,25.98,,high,low,7,namecheap,,,
98b82edd-bcae-4765-b363-bc0e8f42fbfa,corps.id,available,17.99,20.75,high,low,5,namesilo,,,
9263c977-d611-473f-b7fd-02110c1b62a4,recent.id,available,17.99,20.75,high,low,6,namesilo,,,
c869e57c-8c50-471e-a0b7-b96aed7ed63a,seem.id,available,,,high,low,4,,,,
495efe5c-8d81-4ab0-8fa3-3eef1b2da510,supervisor.id,resell,,,high,low,10,PT Registrasi Nama Domain,20/06/2018 05:32,20/06/2026 23:59,
f180c6d2-e9b7-4f59-8ffe-92203692deab,revealing.id,available,25.98,,high,low,9,namecheap,,,
26018486-44b0-4882-8bdf-d2b87506e674,neutrality.id,available,17.99,20.75,high,low,10,namesilo,,,
2c9e36ef-970f-4bb8-b99f-1c3ab6820537,knew.id,premium,331.52,20.06,medium,low,4,namesilo,,,
b526f8f1-dd28-414b-b99c-e13d6d5ac98a,dismissal.id,available,17.99,20.75,high,low,9,namesilo,,,
1912bab1-3b46-4ce4-85e6-bb98d54b4d88,understandable.id,available,17.99,20.75,high,low,14,namesilo,,,
5a90730b-d88b-41e0-ae33-38c084f2fe16,tub.id,premium,1455.02,20.06,high,low,3,namesilo,,,
51747add-7a5f-47be-9c1d-705d2078c42b,westlake.id,available,17.99,20.75,high,low,8,namesilo,,,
a8afbc2c-2c9b-475c-9c8f-de41ee88e48b,propagated.id,available,17.99,20.75,medium,low,10,namesilo,,,
940e1750-7957-49d5-b1df-28b163b46566,adorables.id,available,17.99,20.75,high,low,9,namesilo,,,
0c8b69f9-c454-4d99-954d-46114575c845,elvis.id,available,17.99,20.75,high,low,5,namesilo,,,
17ad74da-f53e-41ec-9a3e-bbcb7e1dde6c,wife.id,available,,,high,low,4,,,,
14176930-4002-4e50-bb95-f5d961a6da7a,whom.id,premium,355.84,20.06,medium,low,4,namesilo,,,
ccfa6412-9fb3-4253-bdd9-51b7e6b61ab3,leave.id,premium,211.2,20.06,high,low,5,namesilo,,,
107f5213-da81-4d5d-9637-4be371e7b703,selfworth.id,available,17.99,20.75,high,low,10,namesilo,,,
6d14cb17-d816-4434-b0b6-f322e4835307,portuguese.id,available,17.99,20.75,high,low,10,namesilo,,,
64c56687-b9a1-41c3-9a47-b80d948ca281,fascinate.id,available,17.99,20.75,high,low,9,namesilo,,,
71287b9f-04f7-4b2c-ad18-4b799fdbbc92,burn.id,premium,432.64,20.06,high,low,4,namesilo,,,
bdcb0ac3-dfd7-44ab-b322-73c26dd24013,relations.id,available,17.99,20.75,high,low,9,namesilo,,,
515d9008-eaff-4f3c-ae06-31a369fb997f,basket.id,resell,,,high,low,6,PT Digital Registra Indonesia,17/07/2019 03:44,17/07/2027 23:59,19/09/2026 10:57
9cec1e27-37eb-4a99-b8a7-a09a013c7576,lawn.id,premium,401.92,20.06,high,low,4,namesilo,,,
d2851f8b-f9f5-4a5a-babd-eca352d3004b,represented.id,available,17.99,20.75,high,low,11,namesilo,,,
2acd5a0a-1dd6-4523-9622-82547e1c864c,walkabout.id,available,17.99,20.75,high,low,10,namesilo,,,
f906a8dd-ca82-4b27-b274-d334caea43f2,shy.id,premium,1455.02,20.06,high,low,3,namesilo,,,
2bcce999-18db-46a1-8550-5a51939158f5,sounding.id,available,17.99,20.75,high,low,8,namesilo,,,
4a301efd-77b6-43be-b8a7-852f5fb9a3df,supernatural.id,resell,,,high,low,12,PT Registrasi Nama Domain,20/06/2018 05:45,20/06/2026 23:59,
33aa9700-3812-4a55-a92a-b35f75184e45,prevention.id,available,14.19,20.75,high,low,10,namesilo,,,08/09/2026 14:09
1f3eea4b-34ac-4e61-aec9-b30c7152e3a7,ohmygosh.id,available,17.99,20.75,high,low,8,namesilo,,,
562abf93-d99a-4db4-8528-171d9af0d517,uml.id,premium,1455.02,20.06,high,low,3,namesilo,,,
2b19f7b1-7884-44b4-af8a-e8cc04a97571,oriented.id,available,17.99,20.75,high,low,8,namesilo,,,
9e719a59-48d1-4158-b3e7-c12cbb41bb9f,sensory.id,resell,,,high,low,7,PT Jagat Informasi Solusi (int),23/11/2025 22:24,23/11/2026 23:59,
d7866468-4257-4da1-916e-9a07c67ebfaf,blanket.id,premium,595.2,20.06,high,low,7,namesilo,,,08/09/2026 07:17
85445c02-fca3-470d-af2d-0e038f37b874,stranded.id,available,17.99,20.75,high,low,8,namesilo,,,
e4009454-12e3-4a12-8908-f40458b8fe0c,supportive.id,available,17.99,20.75,high,low,10,namesilo,,,
f9a850e4-cb35-4dd3-ab89-98efa8963641,lonely.id,available,17.99,20.75,high,low,6,namesilo,,,
186cf01c-fe88-4e3d-827e-fea8c71e1624,state.id,resell,,,high,medium,5,PT Digital Registra Indonesia,27/11/2025 02:13,27/11/2026 23:59,
ca4b840a-ec66-4acc-8af5-133ecc34c446,universe.id,resell,,,high,low,8,PT Jagat Informasi Solusi (int),18/06/2021 00:12,18/06/2026 23:59,
3e897230-c0ba-4017-8dc1-b274392ba1d1,sift.id,premium,216.32,20.06,high,low,4,namesilo,,,
f84aaee2-0e3e-478b-b1b7-aed6b7e5d8d3,attachment.id,available,,,high,low,10,,,,
c5d854a2-6d04-4be1-b53c-ec05d1269931,annoy.id,available,17.99,20.75,high,low,5,namesilo,,,
3838ef29-fba2-4cce-a8ba-420936b4fce5,released.id,available,,,high,low,8,,,,
3f485421-477f-4bae-b80b-0f2c5808aa59,prosecution.id,available,25.98,,high,low,11,namecheap,,,
53f511ba-dfd8-4b30-a43c-b674989551e7,unplug.id,available,,,high,low,6,,,,
38d828b3-cd3b-45d4-af0b-90ea18a86961,nickelodeon.id,available,25.98,,high,low,11,namecheap,,,
a99b117b-e3be-40ab-aa1c-74c1f8b16b10,neverending.id,available,25.98,,high,low,12,namecheap,,,
4155da28-36b3-4c63-a9f4-81c56db91994,plush.id,available,17.99,20.75,high,low,5,namesilo,,,
de098bdc-e146-41e6-848a-b52dcc4124bc,venerable.id,available,25.98,,high,low,9,namecheap,,,
1dc9e090-60f1-49b3-a620-210946322d25,result.id,resell,,,high,low,6,PT Core Mediatech,17/08/2018 09:47,17/08/2027 23:59,21/09/2026 01:01
4975613d-0e3a-47eb-b991-849b6c5cdc4d,coat.id,premium,952.32,20.06,high,low,4,namesilo,,,
8f056cb6-9ec8-41cf-be61-55624b7e7e56,coffeeman.id,available,17.99,20.75,high,low,9,namesilo,,,
33858e2b-0ba8-47fe-b523-67cfa051c486,presently.id,available,17.99,20.75,high,low,9,namesilo,,,
ba0b56b9-f891-4c2f-819e-3c4f4586808b,disk.id,premium,371.2,20.06,high,low,4,namesilo,,,
def14542-84da-4af1-b4bb-c39a6a47def4,christmas.id,resell,,,high,low,9,PT Aksara Data Digital,08/02/2016 07:04,08/02/2027 23:59,18/09/2026 02:41
efa911a2-1a46-4fd5-bf9f-566a67963efa,isbn.id,premium,216.32,20.06,high,low,4,namesilo,,,
dd78bc75-1d05-41d8-b594-27e1a8846325,shifting.id,available,17.99,20.75,high,low,8,namesilo,,,
bac338b0-e220-465c-8841-9f34b8d9e765,llp.id,premium,1455.02,20.06,high,low,3,namesilo,,,
4cc6ed01-f28e-4328-a56e-3b936e0ecae9,veal.id,premium,216.32,20.06,medium,low,4,namesilo,,,
406e7459-b5fa-456b-8173-efdd7a8dbf07,snow.id,premium,572.16,20.06,high,low,4,namesilo,,,
77b3406b-de23-41ff-9022-757976abf3e9,glory.id,resell,,,high,low,5,PT Jagat Informasi Solusi (int),12/04/2022 03:47,12/04/2027 23:59,
0c06c4bb-9e70-488e-9b52-c510f8ddc974,engage.id,resell,,,high,low,6,PT Digital Registra Indonesia,24/01/2026 00:46,24/01/2027 23:59,
c670b22b-7c72-4fb7-8e0c-c6a9a2f76c41,feet.id,premium,17.99,20.75,high,low,4,namesilo,,,
a7cb0cad-6b43-4553-b2ee-01d1e968550c,uncontrollable.id,available,17.99,20.75,medium,low,14,namesilo,,,
e10a31e4-1f46-4511-bd54-9e83ff70d15f,daytime.id,available,25.98,,high,low,7,namecheap,,,
1528870d-1bda-4a9e-9dc8-568c6af39ad1,piss.id,premium,216.32,20.06,high,low,4,namesilo,,,
1f10834e-4bdd-4ade-ba72-267c3b5cf3fa,twice.id,available,,,high,low,5,,,,
a4fa3d37-1319-4d7a-8de3-61b6081b5592,khakis.id,available,17.99,20.75,high,low,6,namesilo,,,
f3fd1dfb-f753-4139-a217-136c7abc12d9,turnabout.id,available,17.99,20.75,high,low,10,namesilo,,,
c606c90b-f69a-4112-aecb-e74d89c1a7c8,rile.id,premium,216.32,20.06,medium,low,4,namesilo,,,
8c4d3b13-0773-4b4d-be70-2cf4b5399cc7,gym.id,resell,,,high,low,3,PT Jetcoms Netindo,19/07/2017 07:05,19/07/2027 23:59,19/09/2026 13:35
9d05ccec-d71a-4322-b557-003fe9000f2e,nation.id,resell,,,high,low,6,PT Digital Registra Indonesia,05/11/2021 00:06,05/11/2026 23:59,
2241b86e-2fcf-4149-bf91-0a90483cd0f4,bird.id,resell,,,high,medium,4,PT Jagat Informasi Solusi (int),28/04/2022 08:11,28/04/2027 23:59,
51b35544-0568-477c-9086-e44535b18951,westhill.id,available,17.99,20.75,medium,low,9,namesilo,,,
b5583c97-0340-43f1-af76-a496c9ed2505,shaper.id,available,17.99,20.75,high,low,6,namesilo,,,
650a5f5b-8797-4de8-a8bb-04491cd71b74,allergist.id,available,17.99,20.75,medium,low,9,namesilo,,,
433d8737-9f9f-47cd-8149-e48d7e5a7b00,lose.id,available,,,medium,low,4,,,,
4f62a450-327b-454d-9c2b-d8469dab15b7,onions.id,available,17.99,20.75,high,low,6,namesilo,,,
ebbaee61-4cd3-43a6-be23-f245bf860f04,montreal.id,resell,,,high,low,8,PT Core Mediatech,16/03/2016 17:46,16/03/2027 23:59,
94eab9d5-e99c-4ec0-b633-687d3e875088,camping.id,resell,,,high,low,7,PT Jagat Informasi Solusi (int),23/03/2025 08:25,23/03/2027 23:59,
e42674ae-90e4-465c-ab5b-433281d36c3f,recorded.id,available,17.99,20.75,high,low,8,namesilo,,,
13baa1f3-31ec-49a5-81e5-dedf53c6c448,pyram.id,resell,,,high,low,7,PT Jagat Informasi Solusi (int),17/05/2025 02:56,17/05/2027 23:59,08/09/2026 13:53
5789893c-dad7-4a9f-8c00-c363ec3be8fe,cleaver.id,available,17.99,20.75,medium,low,7,namesilo,,,
97061f42-0cd9-479b-b30a-7b8f46222df4,ahuh.id,premium,216.32,20.06,high,low,4,namesilo,,,
45b14c74-8a2b-4c2d-af87-d85eabcfc5be,fall.id,premium,401.92,20.06,high,low,4,namesilo,,,
bde2645e-270f-46ed-a561-867082fa970e,mods.id,premium,238,24.5,high,low,4,namecheap,,,
db990ba0-b8be-4e79-b36b-26707cd0a6ac,veg.id,premium,1455.02,20.06,high,low,3,namesilo,,,
5983ddab-9489-4ffe-83a0-e2aea25158ed,awarding.id,available,17.99,20.75,high,low,8,namesilo,,,
5c9ecfff-3f8c-4cbd-a73c-7fd6d8f221cc,dong.id,premium,238,24.5,high,low,4,namecheap,,,
01a7992d-3225-45cf-a46d-e6a906fe1c05,ticking.id,available,25.98,,high,low,7,namecheap,,,
0656b949-fc88-4451-b2f8-f49cbe6a739a,phrases.id,available,17.99,20.75,medium,low,7,namesilo,,,
eb133acf-9303-41e1-abb3-5d44158b7acd,plague.id,available,17.99,20.75,high,low,6,namesilo,,,
101d93e2-569b-4631-88fc-b2d1ad832632,creatively.id,available,25.98,,high,low,10,namecheap,,,
669398db-cc0b-4b48-a37a-62cd97b73d54,toying.id,available,17.99,20.75,high,low,6,namesilo,,,
db9e2d24-51c7-410c-a5b7-f3769e914dee,told.id,premium,331.52,20.06,medium,low,4,namesilo,,,
bde8df4d-095b-48b3-9424-a0849a88c1eb,doughnut.id,available,17.99,20.75,high,low,8,namesilo,,,
a11b5c3f-afdf-4d94-a885-6311d8a2dbc6,accountancy.id,available,17.99,20.75,high,low,11,namesilo,,,
28bfd271-ac96-444b-b90e-a31c1661e3c3,connection.id,resell,,,high,low,10,PT Jagat Informasi Solusi (int),26/07/2022 00:57,26/07/2027 23:59,20/09/2026 00:59
fcdbe056-b70f-4896-8738-1ad8e88c4ff2,jail.id,premium,759.04,20.06,high,low,4,namesilo,,,
196a8990-691b-44c9-8c74-e79f04dba72b,quite.id,premium,133.12,20.06,high,low,5,namesilo,,,
cd2fb2e9-38b0-419c-8759-dfa46e9a7a60,nominee.id,available,17.99,20.75,high,low,7,namesilo,,,
25c657e1-8f99-4765-8c93-d07b3441acda,page.id,resell,,,high,low,4,PT Registrasi Nama Domain,18/02/2015 01:59,18/02/2027 23:59,
eee029b9-1af0-4365-86de-832cc0a2f751,felt.id,premium,386.56,20.06,high,low,4,namesilo,,,
fb009fcf-48e8-4e24-879d-f5840f3e5d3e,casket.id,available,17.99,20.75,high,low,6,namesilo,,,
021b106e-172e-4365-a1c2-82ac6b852d12,james.id,resell,,,high,medium,5,PT Jagat Informasi Solusi (int),04/11/2024 00:22,04/11/2026 23:59,
e8b71701-efa7-42d8-973b-f0de43044789,afternoon.id,premium,211.2,20.06,high,low,9,namesilo,,,
d9fce7e7-b8fd-4267-97eb-3ab0bf113bcb,guilt.id,available,25.98,,high,low,5,namecheap,,,
1f2fe30f-7c7d-4a86-86e3-2d57c015216a,toilet.id,resell,,,high,low,6,PT Digital Registra Indonesia,22/10/2025 01:30,22/10/2026 23:59,
0ed27414-fbf8-4b68-ba1a-b11bb15311df,disguise.id,available,17.99,20.75,high,low,8,namesilo,,,
19b17b87-c1aa-43b0-94f7-f71cdbf438c6,namely.id,available,25.98,,medium,low,6,namecheap,,,
f910cfe9-e918-4116-b5e6-a47c26975105,angel.id,resell,,,high,low,5,PT Jagat Informasi Solusi (int),22/10/2021 00:59,22/10/2026 23:59,
65870e10-af13-4ea7-8c9f-e9efb897913f,write.id,resell,,,high,low,5,PT Media Cloud Indonesia,10/07/2020 00:03,10/07/2027 23:59,18/09/2026 02:41
43c22f10-5857-4ae6-ab53-c49d9aca7584,brush.id,premium,133.12,20.06,high,low,5,namesilo,,,
1ac48360-4450-4e20-90fc-ac212d849816,steer.id,available,17.99,20.75,high,low,5,namesilo,,,
feb7b9e3-e407-4175-b193-53a7f1da6522,discomfort.id,available,17.99,20.75,high,low,10,namesilo,,,
cedb7c5a-faf7-487b-a6a3-08e6920f96fd,swiftly.id,resell,,,high,low,7,PT Digital Registra Indonesia,17/03/2026 00:17,17/03/2027 23:59,
a3e24f8e-46a8-41b1-8674-01ad0c9e6811,drift.id,resell,,,high,low,5,PT Media Cloud Indonesia,12/04/2025 00:55,12/04/2027 23:59,
051ff3ec-65b7-4323-90b9-273c2b33be6c,melt.id,premium,363.52,20.06,high,low,4,namesilo,,,
8f79a93a-889d-421c-b880-54810e23983f,expedite.id,available,25.98,,high,low,8,namecheap,,,
c152d83e-486e-4db2-849b-5b57b0a9e884,jumping.id,premium,129.28,20.06,high,low,7,namesilo,,,08/09/2026 06:49
30f64cd0-eb15-4f8c-92fc-4697c26538c8,vanity.id,resell,,,high,low,6,PT Digital Registra Indonesia,21/12/2016 07:22,21/12/2026 23:59,
5066a9ee-9660-459b-bdaa-dc51fe88e876,sumbody.id,available,17.99,20.75,medium,low,7,namesilo,,,
6fc4696b-0156-487e-9237-fb170d91d4da,gang.id,premium,386.56,20.06,high,low,4,namesilo,,,
4b53cd55-79f0-4f02-a4db-17846b72ed55,february.id,resell,,,high,low,8,PT Registrasi Nama Domain,20/10/2023 13:01,20/10/2026 23:59,
7437e419-cdab-4728-b0eb-22f482e4ee38,refrigerator.id,resell,,,high,low,12,PT Core Mediatech,28/03/2016 01:05,28/03/2027 23:59,
f555d508-b259-43dd-bfaf-08b76391837b,mothafucka.id,available,17.99,20.75,medium,low,10,namesilo,,,
ec0a735e-460d-46ed-8ed6-9bd07e0173ac,diversity.id,resell,,,high,low,9,PT Digital Registra Indonesia,20/08/2022 00:14,20/08/2027 23:59,21/09/2026 04:48
f8d07b85-3e5a-4921-895a-38965e54b046,ttyl.id,premium,216.32,20.06,medium,low,4,namesilo,,,
adfc444a-fc1b-46fa-984b-ebe576311900,philips.id,available,17.99,20.75,high,medium,7,namesilo,,,
45f32b71-d18c-43cb-9c4d-b7f6c4b4a0b4,yesterday.id,resell,,,high,low,9,PT Trisaka Digital Indonesia,18/12/2025 13:57,18/12/2026 23:59,
20688dd1-2182-4035-9b70-1642bac67b92,street.id,resell,,,high,low,6,PT Digital Registra Indonesia,06/10/2023 00:29,06/10/2026 23:59,
71701a48-beeb-4e86-9b32-ff2e4d597b81,eclipse.id,resell,,,high,low,7,PT Jagat Informasi Solusi (int),06/01/2022 00:13,06/01/2027 23:59,
f2012fbc-27fd-40dd-84ef-f8847dbdb495,zen.id,resell,,,high,medium,3,PT Registrasi Nama Domain,31/12/2023 14:38,31/12/2026 23:59,
d1b6a263-57b9-4831-b6c0-af64814aaa77,inch.id,premium,216.32,20.06,high,low,4,namesilo,,,
61aa0ea0-0ab0-4a21-8fd7-082d366c64d3,yell.id,premium,564.48,20.06,high,low,4,namesilo,,,
c8fa464c-b559-4093-a51e-d260a02020f6,actually.id,premium,133.12,20.06,high,low,8,namesilo,,,
511bf048-34ae-45e1-82fc-c741d850ed44,granddad.id,available,25.98,,high,low,8,namecheap,,,
80613411-9fba-4176-9c82-b08a7720a42c,stupid.id,premium,133.12,20.06,high,low,6,namesilo,,,
7f5dee20-c480-4b16-a318-af9ebd1f0bcd,accurately.id,available,17.99,20.75,high,low,10,namesilo,,,
cecffcd5-7e2d-4d42-b836-8fdf38bb1255,disapproval.id,available,17.99,20.75,medium,low,11,namesilo,,,
4b32a145-7d55-4a34-b48b-5f884a5bda5a,south.id,resell,,,high,low,5,PT Jagat Informasi Solusi (int),08/10/2023 14:34,08/10/2026 23:59,
790fd4e6-37a7-44f7-800b-e1b32469f702,matte.id,available,17.99,20.75,high,low,5,namesilo,,,
8531276b-6a87-44a7-840d-604d2ccdd583,month.id,premium,560.64,20.06,high,low,5,namesilo,,,
7b004452-6cab-4d1b-9bb7-e74c9b2e0d4f,provider.id,resell,,,high,low,8,PT Jagat Informasi Solusi (int),29/12/2022 00:25,29/12/2026 23:59,
5e13f779-f402-42bf-92cb-645ac46fce1a,babies.id,available,17.99,20.75,high,low,6,namesilo,,,
e78c3126-f126-4db4-81c1-c3856bb56f8c,newton.id,resell,,,high,low,6,PT Jagat Informasi Solusi (int),01/05/2023 00:18,01/05/2027 23:59,
1333ec85-f056-47e8-89e4-3bed72f21248,westwood.id,available,17.99,20.75,high,low,8,namesilo,,,
e83bbefa-048c-42ef-bb22-8f8648fbd714,saucer.id,available,17.99,20.75,high,low,6,namesilo,,,
605e8d2e-e7b4-46de-a5cd-2bc432375d8b,lisboa.id,available,17.99,20.75,high,low,6,namesilo,,,
db05e91f-cc82-41c6-bef4-ed1dae732343,where.id,premium,172.8,20.06,high,low,5,namesilo,,,
4b979256-4993-42d1-bfe4-cacf804d8a83,days.id,premium,238,24.5,high,low,4,namecheap,,,
18ae69c5-1454-4f13-ba30-571fa299bb93,apology.id,available,25.98,,high,low,7,namecheap,,,
1e9ea480-73b6-44aa-a396-237e4296c016,published.id,available,17.99,20.75,high,low,9,namesilo,,,
5aa23f75-23f0-439f-86c5-4f650ee81101,ser.id,premium,1680,24.5,high,low,3,namecheap,,,
987af68f-2a47-43a1-815e-35dec55037c6,ala.id,premium,1455.02,20.06,high,low,3,namesilo,,,
bf82eb5f-20bd-42db-a4f9-1e8da727f50e,flew.id,available,,,high,low,4,,,,
cb44e1d7-e617-4066-8e9b-1abed33eafbc,located.id,available,17.99,20.75,high,low,7,namesilo,,,
f2336f87-86a3-4b4e-9723-350b7407c13c,situation.id,premium,133.12,20.06,high,low,9,namesilo,,,
a997271d-6730-4e8f-8cb0-8d6f75ed6729,multiplication.id,available,17.99,20.75,medium,low,14,namesilo,,,
34aace1f-39fd-483f-bfca-98d28e9ddc25,standing.id,available,17.99,20.75,high,low,8,namesilo,,,
6b102d85-bb3b-4222-aa51-5ac6c94378ed,yellowcake.id,available,17.99,20.75,medium,low,11,namesilo,,,
dcc4c19d-920d-4a05-99a8-f00d9fc11d88,avon.id,premium,216.32,20.06,high,low,4,namesilo,,,
5ba99d1f-a746-4a53-8a9e-947099578596,rose.id,available,,,high,low,4,,,,
e8ba62fd-2870-4e9c-bd16-8e1b53dd6d30,scented.id,available,17.99,20.75,high,low,7,namesilo,,,
dbe3b24c-71ac-4b6b-9bae-c4202e6a3159,singletree.id,available,25.98,,medium,low,11,namecheap,,,
5c23bacf-51a8-4062-8b1e-ab5b6f5903a8,optic.id,resell,,,high,low,5,PT Media Cloud Indonesia,15/03/2023 00:01,15/03/2027 23:59,
679e29d3-36af-40b0-8fa2-35f12392d9b8,buster.id,available,17.99,20.75,high,low,6,namesilo,,,
547fc7b7-ea45-4932-935d-abec5f2ce075,babe.id,resell,,,high,low,4,PT Digital Registra Indonesia,02/01/2026 01:37,02/01/2027 23:59,
6445d82b-aea7-403e-a7a6-73971cffae11,recession.id,available,17.99,20.75,high,low,9,namesilo,,,
dc640b2d-8b86-40b2-9067-80933a4171bc,bite.id,available,,,high,low,4,,,,
610617b5-c12b-423a-b126-3fc449fb5327,texas.id,resell,,,high,medium,5,PT Jagat Informasi Solusi (int),16/07/2020 02:31,16/07/2027 23:59,19/09/2026 09:14
e70f8bc2-5260-43db-bea5-a4593a8ec169,fiercely.id,available,25.98,,medium,low,8,namecheap,,,
271ead93-64a0-473d-8f37-4e08fc115c11,dissent.id,available,17.99,20.75,high,low,7,namesilo,,,
c45aa883-97f7-4b69-8f12-bc3a187f0897,crap.id,premium,216.32,20.06,high,low,4,namesilo,,,
dd38859c-9d58-4ece-9852-034730f81ce5,consumer.id,resell,,,high,low,8,PT Jagat Informasi Solusi (int),18/04/2022 00:58,18/04/2027 23:59,
612617df-a780-48b4-9253-5e1aa2c2e162,police.id,resell,,,high,low,6,PT Core Mediatech,10/03/2016 01:48,10/03/2027 23:59,
ec9acf56-4768-45f8-9727-a96e43ca8067,whip.id,premium,355.84,20.06,high,low,4,namesilo,,,
9e83883c-34eb-4028-b2cb-3ddf238439d4,prodigy.id,resell,,,high,low,7,PT Digital Registra Indonesia,29/08/2025 01:16,29/08/2027 23:59,22/09/2026 21:56
e3bb4d81-451a-401f-be75-e70bbc778135,unfortunately.id,premium,172.8,20.06,medium,low,13,namesilo,,,
4a3a83d8-dfad-41a2-a941-9231a29e6ae2,budget.id,resell,,,high,low,6,PT Registrasi Nama Domain,29/10/2020 00:55,29/10/2026 23:59,
f8a6ffcb-259e-4558-9bf9-459ee3a93c46,feb.id,premium,1455.02,20.06,high,low,3,namesilo,,,
3f2d1452-9044-405d-ba6c-bde7ee02fcb4,properties.id,resell,,,high,low,10,PT Core Mediatech,22/01/2016 09:59,22/01/2027 23:59,
26d41ddd-35ae-44c1-90c5-5b56b14a5880,unemployed.id,available,17.99,20.75,medium,low,10,namesilo,,,
cf1f3b4a-a085-4cbe-957d-0a68b7312ee1,backpack.id,resell,,,high,low,8,PT Digital Registra Indonesia,29/12/2024 08:37,29/12/2026 23:59,
f348265c-8726-4e09-838d-ad0ea7ddfa88,sunbeam.id,available,25.98,,high,low,7,namecheap,,,
53a09f3e-ab63-4743-affc-0b14cbcb52b5,heal.id,available,,,high,low,4,,,,
7b287488-d059-4a84-a263-34173ca93e0c,fingers.id,available,17.99,20.75,medium,low,7,namesilo,,,
d3c03536-c49d-4d4d-b9e7-73bec130c950,ride.id,resell,,,high,low,4,PT Jetcoms Netindo,18/07/2017 07:07,18/07/2027 23:59,19/09/2026 12:09
64a40052-e789-4a89-8ded-36254cf4acc5,potentiality.id,available,25.98,,high,low,12,namecheap,,,
e80bf517-25a9-41a6-9f5e-2c2617b374de,occurrence.id,available,17.99,20.75,high,low,10,namesilo,,,
c7152f8e-ccf5-48e1-a2ce-0275486434bf,reflection.id,available,,,high,low,10,,,,
c8676cbd-3719-4f87-b735-dc6b22889cad,number.id,resell,,,high,low,6,PT Digital Registra Indonesia,21/06/2025 01:47,21/06/2026 23:59,
394c18c7-e09d-4e0e-99af-d9b92b605490,eat.id,resell,,,high,low,3,PANDI Registrar,30/12/2023 15:19,30/12/2026 23:59,
be6572ad-0047-4951-a96d-8c9bf5d46505,captain.id,premium,133.12,20.06,high,low,7,namesilo,,,
e7434527-009d-4bbb-8732-e5b13bfacecf,add.id,resell,,,high,low,3,PANDI Registrar,06/02/2023 06:55,06/02/2027 23:59,
5f723142-bee0-49c3-9bca-7f29819e2aa2,cry.id,premium,1455.02,20.06,high,low,3,namesilo,,,
1b718478-22cd-4228-8d51-820a92aa3678,pad.id,premium,1455.02,20.06,high,low,3,namesilo,,,
669d778a-161e-4028-a688-8143092c0eeb,hotel.id,resell,,,high,low,5,PT Registrasi Nama Domain,10/07/2024 00:40,10/07/2027 23:59,
ff139a35-90ce-49dc-b9d7-9ce7b481f5f5,donut.id,resell,,,high,low,5,PT Registrasi Nama Domain,26/06/2018 01:26,26/06/2026 23:59,
cf2576f3-1c4f-40af-b3ea-a7ce316a32c7,err.id,premium,1455.02,20.06,high,low,3,namesilo,,,
47fec363-1dae-4bf7-b84c-c4986cefe18e,vegetable.id,premium,211.2,20.06,high,low,9,namesilo,,,
23c0e517-fe41-4ca3-a70b-9bc1d4290aed,lol.id,premium,1455.02,20.06,high,low,3,namesilo,,,
0c6435d2-fcb3-4eb0-8fc9-9bd83b8ab092,award.id,resell,,,high,low,5,PT Digital Registra Indonesia,19/07/2023 00:49,19/07/2027 23:59,19/09/2026 13:14
919d79cb-ba2d-4cf1-98ad-db1d2b1c31aa,exhale.id,available,25.98,,high,low,6,namecheap,,,
340dd297-8415-437c-a55d-df63001dfebf,sink.id,premium,386.56,20.06,high,low,4,namesilo,,,
db05eeff-ef6b-4246-9582-b03924cf4508,gore.id,premium,216.32,20.06,medium,low,4,namesilo,,,
b770b33e-3dce-4087-a32c-0cc7e744e46e,attraction.id,resell,,,high,low,10,PT Jagat Informasi Solusi (int),05/02/2023 17:13,05/02/2027 23:59,
1ec99bd6-c809-4c64-91fb-5fdfe9933beb,seek.id,premium,2816.58,20.06,high,low,4,namesilo,,,
197f9aee-e71d-47ba-9a68-aff7157816a0,triangle.id,resell,,,high,low,8,PT Jagat Informasi Solusi (int),06/10/2018 14:07,06/10/2026 23:59,
fae1dba5-d2a5-44de-8a0a-ab3393f38fe5,creek.id,resell,,,high,low,5,PT Jagat Informasi Solusi (int),08/01/2022 12:58,08/01/2027 23:59,
91108255-5009-4c07-af65-0e616ae78dce,bluetooth.id,available,25.98,,high,low,9,namecheap,,,
2b625301-433f-4451-9761-cacbd36c27ac,danger.id,resell,,,high,low,6,PT Core Mediatech,28/03/2016 01:02,28/03/2027 23:59,
578b5aa8-6332-4f94-b65a-a6e04cdd720c,poll.id,resell,,,high,low,4,,02/08/2021 07:53,,
3bdffada-dd6d-43be-885d-a0d91b30665b,html.id,resell,,,high,low,4,PT Cloud Hosting Indonesia,06/02/2023 09:16,06/02/2027 23:59,
0251e6d9-3325-49db-b409-3abb8f17a668,adviseable.id,available,17.99,20.75,high,low,10,namesilo,,,
d2507e47-ecdc-461d-b333-6875bbf79f59,calf.id,resell,,,high,low,4,PANDI Registrar,24/10/2024 08:33,24/10/2026 23:59,
28ae6899-6f46-4c78-8f82-0ea6f064ebe2,limestone.id,available,17.99,20.75,high,low,9,namesilo,,,
824ce05d-445f-4b23-ba73-3dcd95cfcd98,disgust.id,available,17.99,20.75,high,low,7,namesilo,,,
5efc7982-d7d2-4110-a683-4f17102b2fe2,hatred.id,available,17.99,20.75,medium,low,6,namesilo,,,
e2b5484a-c544-4008-a3c2-f17e675081ef,gag.id,resell,,,high,low,3,PANDI Registrar,17/02/2023 10:41,17/02/2027 23:59,
5e7aae18-cd92-4b73-815c-35a96504cfb1,slowness.id,available,17.99,20.75,high,low,8,namesilo,,,
edb324bb-2643-4547-8ac4-3088839f823b,spanish.id,resell,,,high,low,7,PT Registrasi Nama Domain,30/12/2024 07:04,30/12/2026 23:59,
0315c6c1-6f03-4ef8-aaab-f8be1713e797,influenced.id,available,17.99,20.75,high,low,10,namesilo,,,
c28ce5d0-3c5f-4759-8ed3-b07d08535348,clergy.id,available,17.99,20.75,high,low,6,namesilo,,,
76061a33-e8c2-4118-b58e-e1394014cffe,bean.id,premium,371.2,20.06,high,low,4,namesilo,,,
f64d3499-d10d-41e1-8c04-7fa2ef94deb5,discard.id,available,17.99,20.75,high,low,7,namesilo,,,
28cebc18-d9c0-43d7-ab7c-99c3bf24d16e,harmony.id,resell,,,high,low,7,PT Registrasi Nama Domain,26/05/2017 09:49,26/05/2027 23:59,
52602d0a-bff1-4319-9af5-9f0f9639959d,review.id,resell,,,high,medium,6,PT Digital Registra Indonesia,02/11/2025 01:06,02/11/2026 23:59,
a3b9b19b-9ffe-4dcb-95df-1f514cf15019,managing.id,available,17.99,20.75,high,low,8,namesilo,,,
f65f66ba-7319-4c65-9826-d6393578b4bd,kudos.id,resell,,,high,low,5,PT Digital Registra Indonesia,19/02/2017 11:18,19/02/2027 23:59,
0dd601a0-ea2c-4e84-a820-2229d49ab4ac,fibre.id,resell,,,high,low,5,PT Jagat Informasi Solusi (int),18/01/2022 14:17,18/01/2027 23:59,
615c2129-208a-4411-b4ee-c53393abe83a,proficiency.id,available,17.99,20.75,high,low,11,namesilo,,,
3447822f-11b2-4121-88e2-59e0dbcd4e85,resemblance.id,available,17.99,20.75,high,low,11,namesilo,,,
ed255800-4e6c-4d0a-b606-78a4136f5c83,provision.id,premium,133.12,20.06,high,low,9,namesilo,,,
fe226b3b-be1d-4ed9-b090-885958fee828,learn.id,resell,,,high,medium,5,PT Jagat Informasi Solusi (int),26/12/2020 00:28,26/12/2026 23:59,
e58b2b5e-3a3d-46d4-8579-1d2bc7d2741d,anytime.id,resell,,,high,low,7,PT Media Cloud Indonesia,22/02/2026 08:09,22/02/2027 23:59,
a5d86ffd-a35e-4da3-a454-05f464389116,capone.id,available,17.99,20.75,medium,low,6,namesilo,,,
bd3c8f8a-cc47-4cd6-a0f5-ed05a92718f9,bake.id,premium,355.84,20.06,high,low,4,namesilo,,,
b6412402-af66-46cb-ad89-d02d34efeffb,currency.id,resell,,,high,low,8,PT Core Mediatech,09/03/2016 17:26,09/03/2027 23:59,
a31358f4-6cab-423d-a328-c381f6280449,consult.id,resell,,,high,low,7,PT Media Cloud Indonesia,30/08/2023 00:10,30/08/2027 23:59,23/09/2026 02:09
7b4d88a7-98d7-45b2-8dc8-881060178eee,hazard.id,resell,25.98,,medium,low,6,PT Jagat Informasi Solusi (int),29/03/2026 14:23,29/03/2030 23:59,
2a384bb3-4aa5-4605-ae99-9c2fe577a8d6,advantage.id,resell,,,high,low,9,PT Media Cloud Indonesia,05/04/2024 00:05,05/04/2027 23:59,
ecf8a342-e97e-4ea3-80db-52224487456a,wasnt.id,available,17.99,20.75,low,low,5,namesilo,,,
cf411218-3176-45cf-8682-c5eb3f98e1e8,whereabouts.id,available,25.98,,high,low,11,namecheap,,,
b0128f76-e44b-4509-ba26-4b82b4335764,practicing.id,available,17.99,20.75,high,low,10,namesilo,,,
66e19aaf-2e7d-41c3-b60f-a5cc5197f977,visited.id,available,17.99,20.75,high,low,7,namesilo,,,
dcc9b9c5-e27d-400f-8d0d-642fe66ad1e9,journeyman.id,available,17.99,20.75,high,low,10,namesilo,,,
97cc5df0-3b8a-4642-b653-54d89cd9d974,worst.id,available,17.99,20.75,medium,low,5,namesilo,,,
f0228f08-df3f-48be-8c7b-3f5f0babb908,utterly.id,available,17.99,20.75,high,low,7,namesilo,,,
8860de67-43da-4e7c-8253-e8d9d5199d72,lions.id,available,,,high,low,5,,,,
21fffbd3-28a1-4e18-97ba-d25044fc2eda,duty.id,premium,339.2,20.06,high,low,4,namesilo,,,
537e1d86-feab-4aed-8938-573853e6468d,wonder.id,available,25.98,,high,medium,6,namecheap,,,
b3c9b650-5b1c-4be8-9c7c-362e7913c6ff,distress.id,available,25.98,,high,low,8,namecheap,,,
914ebd1b-3f21-4b9e-988d-5c00ab3e65c4,heartburn.id,available,17.99,20.75,medium,low,9,namesilo,,,
dadfaaab-3329-4578-8de1-71e6d82f8f88,browse.id,resell,,,high,low,6,PT Cloud Hosting Indonesia,07/03/2016 23:28,07/03/2027 23:59,
e246f12e-34b8-4c3d-8be4-f3dfdf231d2d,weave.id,resell,,,high,low,5,PT Jagat Informasi Solusi (int),22/06/2022 00:36,22/06/2026 23:59,
bb26c6ec-f8ee-4c89-8d2c-cfc492d6fd18,continuously.id,available,17.99,20.75,medium,low,12,namesilo,,,
9414d81c-7a0c-45de-aca8-fc8a19c70aef,supper.id,available,25.98,,high,low,6,namecheap,,,
84f467f1-d59f-412b-9502-bbf404a57a67,bear.id,available,,,high,low,4,,,,
c0849ab7-e724-4464-a79c-453f7d864f25,disassemble.id,available,17.99,20.75,high,low,11,namesilo,,,
70f34dd9-6a92-482b-818a-f68b194ba3b0,capitalise.id,available,17.99,20.75,high,low,10,namesilo,,,
1b15e500-f246-4a7c-8274-b737a2e452e2,outback.id,available,17.99,20.75,high,low,7,namesilo,,,
f971060e-3f33-4eda-b3ae-e97f27dec36f,clock.id,premium,560.64,20.06,high,low,5,namesilo,,,
1904a3e7-76b8-4844-a3b9-7824fd72c5a2,bus.id,premium,1455.02,20.06,high,low,3,namesilo,,,
302dd2a6-1545-4c9e-827b-ac7abac4c27c,philly.id,available,17.99,20.75,high,low,6,namesilo,,,
df824425-fc6f-4f59-acc4-cc6194d60a9b,debt.id,available,,,high,low,4,,,,
ad9876cd-bd4e-4880-a70a-992e5e00606d,polygon.id,resell,,,high,low,7,PT Jagat Informasi Solusi (int),27/10/2021 01:00,27/10/2026 23:59,
4af1ff43-0afb-41bf-b013-1ba0ea1d3bd3,snake.id,premium,327.68,20.06,high,low,5,namesilo,,,
20ea0e0f-6561-4166-abb2-ff2b696050e0,nutrient.id,available,14.19,20.75,high,low,8,namesilo,,,08/09/2026 11:42
083c5d0e-d339-4e35-81d4-a9d6c0ad51a5,briefing.id,premium,133.12,20.06,high,low,8,namesilo,,,
60c70221-0ef3-4813-b913-72aaee64e26a,scripted.id,available,17.99,20.75,high,low,8,namesilo,,,
d16ed184-4b0d-4c78-84a4-f46a91516d16,clothes.id,available,17.99,20.75,high,low,7,namesilo,,,
529a405e-b84a-4caf-bc6c-d4190cf03423,midwinter.id,available,17.99,20.75,medium,low,10,namesilo,,,
2f7dd2ad-77d5-4713-967f-db6eea0593bc,hungry.id,premium,560.64,20.06,high,low,6,namesilo,,,
84b37a2c-ebcf-4fee-b8fa-da4df55f0972,those.id,premium,133.12,20.06,medium,low,5,namesilo,,,
14dca003-8c41-4a03-9491-40c04a4865a0,turnout.id,available,17.99,20.75,high,low,8,namesilo,,,
dcf488bd-25bd-49c3-8195-0b7053040259,comprehend.id,available,17.99,20.75,high,low,10,namesilo,,,
eef33502-6568-48ec-9bb8-4ae0f1ee60c9,phil.id,premium,216.32,20.06,high,medium,4,namesilo,,,
ac7f1024-04ac-435f-828a-a1314a901590,atacama.id,available,17.99,20.75,high,low,7,namesilo,,,
c2d938ac-a525-41a2-b263-35a048ec08b9,luck.id,premium,440.32,20.06,high,low,4,namesilo,,,
9fbc9432-5313-4d99-b216-cf4c9be1d8e6,undeveloped.id,available,25.98,,high,low,11,namecheap,,,
dc5d8251-867e-4365-bab0-79289a482d19,pledged.id,available,17.99,20.75,high,low,7,namesilo,,,
17b876b2-68ae-408f-9809-4e396d1cfbf8,grandma.id,available,25.98,,high,low,7,namecheap,,,
fcabb464-0d73-4bc5-bb8d-e4625be282e8,bars.id,premium,216.32,20.06,high,low,4,namesilo,,,
9d326afa-a0df-402e-9b8c-e11553e7d1f0,monday.id,resell,,,high,low,6,PT Registrasi Nama Domain,05/03/2022 00:35,05/03/2027 23:59,
a9ef9608-5891-40a3-828f-7130155786e6,groves.id,available,25.98,,high,low,6,namecheap,,,
8b4bed2a-51af-46b3-87d6-3001ecca5340,wrestling.id,available,17.99,20.75,high,low,9,namesilo,,,
25a3743c-6836-4758-a401-830de00db599,brainwash.id,available,17.99,20.75,high,low,9,namesilo,,,
dbdee170-cece-4122-9d8a-3ff9f575245c,how.id,resell,,,high,low,3,PT Jetcoms Netindo,18/07/2017 06:41,18/07/2027 23:59,19/09/2026 12:06
fe01cae1-994a-4ba3-b0f4-278b9e8a518a,reticent.id,available,25.98,,medium,low,8,namecheap,,,
ed12fb09-ee30-403f-a41f-011540d6b110,sunburst.id,available,25.98,,high,low,8,namecheap,,,
9c1ed312-96cc-4dc2-bf72-bfbd4a810ce0,commission.id,premium,172.8,20.06,high,low,10,namesilo,,,
777f005d-7fe9-427b-b839-d4a95630fe92,bowls.id,available,25.98,,high,low,5,namecheap,,,
2fb01dc7-7816-480b-8cc9-1bf2d9570040,since.id,premium,133.12,20.06,high,low,5,namesilo,,,
9c06a00a-8fa1-4b86-86db-390b66826806,nuclear.id,resell,,,high,low,7,PT Jagat Informasi Solusi (int),08/03/2019 05:31,08/03/2027 23:59,
6eb5f427-90c7-47bf-ae29-98dfd6b43c12,meaning.id,premium,133.12,20.06,high,low,7,namesilo,,,
031952a5-27ec-4762-b5ee-d0516c6ab38e,tie.id,premium,1455.02,20.06,high,low,3,namesilo,,,
d8e9112f-93db-40ae-b3e5-c6a16055b560,sperm.id,available,,,high,low,5,,,,
353e3c52-3793-4515-bc1d-6c531b29c22b,ranking.id,resell,,,high,low,7,PT Jagat Informasi Solusi (int),26/12/2021 00:09,26/12/2026 23:59,
93abd26b-82bd-406c-bcc3-2277990b5b77,normandy.id,available,17.99,20.75,high,low,8,namesilo,,,
5afe83b0-ba71-40f5-9492-51b491a0d8d2,iconic.id,resell,,,high,low,6,PT Jagat Informasi Solusi (int),02/11/2021 00:04,02/11/2026 23:59,
086ad16b-aabb-4e7d-bf2a-688f57a1103e,dispatching.id,available,17.99,20.75,high,low,11,namesilo,,,
1a8cc0de-a936-4fab-9a5e-9a6485decf2a,die.id,available,,,high,low,3,,,,
01f000cd-7864-47f7-8ba3-a36cc594df2c,genesis.id,resell,,,high,low,7,PT Jagat Informasi Solusi (int),06/08/2020 00:10,06/08/2027 23:59,20/09/2026 13:50
720f177b-5c4d-4eea-ac5a-3fcde4470ff0,soundlike.id,available,17.99,20.75,low,low,10,namesilo,,,
8bed1758-0d75-44c3-87fc-ea64f97c5146,hours.id,available,17.99,20.75,high,low,5,namesilo,,,
7a99add7-4098-40e5-a3c5-d1193b2a96da,taxation.id,available,17.99,20.75,high,low,8,namesilo,,,
6b958577-57a9-4c3d-8396-047b6448549a,again.id,premium,211.2,20.06,high,low,5,namesilo,,,
7feee269-b1ca-4161-9240-f9f016bb0e4a,supervise.id,available,25.98,,high,low,9,namecheap,,,
6d9bfa43-4134-4b8f-963a-a96e4590442e,revenue.id,resell,,,high,low,7,PT Digital Registra Indonesia,06/03/2026 00:21,06/03/2027 23:59,
764f508b-f75c-4330-a953-3f5859b8509c,stage.id,resell,,,high,medium,5,PT Jagat Informasi Solusi (int),09/04/2022 00:52,09/04/2027 23:59,
3193a2a6-e994-4a67-8a86-c821d0ba95c4,hunger.id,available,25.98,,high,low,6,namecheap,,,
1221570b-a371-4e87-9fc6-e807807d6d5e,movement.id,resell,,,high,low,8,PT Jagat Informasi Solusi (int),21/06/2023 00:39,21/06/2026 23:59,
dbb12fdc-3447-4704-8821-92dca10a0653,ford.id,resell,,,high,low,4,PT Cloud Hosting Indonesia,24/06/2018 01:58,24/06/2026 23:59,
0f53d92e-ffc9-4788-ae6f-ffa30e3a4138,speak.id,resell,,,high,low,5,PT Registrasi Nama Domain,09/06/2023 00:34,09/06/2026 23:59,
46cb87c9-e165-4ef3-84e9-b9ee95a6da9e,googler.id,available,25.98,,high,low,7,namecheap,,,
852c9ced-b176-4f5f-be5f-5f0981c0757e,policy.id,resell,,,high,low,6,PT Media Cloud Indonesia,29/03/2025 00:49,29/03/2027 23:59,
31d92044-a49d-4885-83ba-143543251ec1,try.id,premium,1455.02,20.06,high,low,3,namesilo,,,
4c200eaf-4f25-4f9e-96ea-e3b0ad05a83b,sunhat.id,available,25.98,,high,low,6,namecheap,,,
f46290ea-c7d4-4dd8-97ed-e8a6f34f62d1,congregation.id,available,17.99,20.75,high,low,12,namesilo,,,
5f6d4ec8-fe94-4f97-89e8-0c19740b1b8e,absence.id,premium,133.12,20.06,high,low,7,namesilo,,,
335e5bfc-201f-4f32-bed4-7bd485447b8c,for.id,premium,3056.7,20.06,high,medium,3,namesilo,,,
177e931e-5381-4220-be27-38174356f7f5,union.id,resell,,,high,low,5,PT Web Commerce Communications,14/09/2017 06:41,14/09/2026 23:59,
65192ec2-0af0-4d4a-a512-fbf56ccaef7b,closest.id,available,17.99,20.75,high,low,7,namesilo,,,
0d2db7ab-99e8-47fd-aaa6-ac941cd92e6b,want.id,available,,,high,low,4,,,,
9aac38d3-f09e-4a4b-901a-70311b3d3410,medication.id,available,,,high,low,10,,,,
04431b30-1ed6-436d-991d-27cd697481a7,definitely.id,premium,366.08,20.06,high,low,10,namesilo,,,
014f2380-9d84-46d0-9d83-a1f9ffdc240f,motion.id,resell,,,high,low,6,PT Jagat Informasi Solusi (int),22/03/2022 00:43,22/03/2027 23:59,
5d63eea3-25c4-4f22-a9ab-096479aa0245,certain.id,resell,,,high,low,7,PT Jagat Informasi Solusi (int),20/01/2026 23:02,20/01/2027 23:59,
b55e348c-e6b8-47e1-bc91-3590da04473f,anyway.id,available,17.99,20.75,high,low,6,namesilo,,,
9a53635d-c8ce-4202-9ba9-e9d6772d8fcc,choose.id,premium,172.8,20.06,high,low,6,namesilo,,,
8ab2f5d9-3628-48a2-afca-586550b51e5a,bravery.id,available,,,high,low,7,,,,
b1acca04-7682-46ac-9bf7-918b4a958225,tks.id,premium,1455.02,20.06,high,low,3,namesilo,,,
3305e9da-4e80-4152-873b-4a9c55c4d6bc,fate.id,premium,455.68,20.06,high,low,4,namesilo,,,
689c7b63-7c05-42a0-bceb-1269b590a2b2,kilobyte.id,available,17.99,20.75,high,low,8,namesilo,,,
899b1a57-21a8-4da0-9d48-65cd5b3b33bd,tuesdays.id,available,,,high,low,8,,,,
1d7dfa03-fcd7-46d1-9ea2-4b961b096da0,tug.id,premium,1455.02,20.06,high,low,3,namesilo,,,
8ecc042b-4990-4789-a99d-5ddeeeb8602b,conspiracy.id,available,17.99,20.75,high,low,10,namesilo,,,
dad87677-a358-4b6e-9a48-a06f14d0cf10,rookie.id,available,25.98,,high,low,6,namecheap,,,
484ac4f0-6df8-431e-83d9-361bf83f44f7,retardant.id,available,17.99,20.75,medium,low,9,namesilo,,,
5ca090ba-0a50-4b84-87cd-887589e44da7,respectively.id,available,17.99,20.75,medium,low,12,namesilo,,,
23098bd9-b6e1-440c-bbbd-b28babc6a0bf,axe.id,premium,1455.02,20.06,high,low,3,namesilo,,,
664b0a27-2fd3-44c2-bbf6-fcb0b9b794cb,exhibit.id,premium,133.12,20.06,high,low,7,namesilo,,,
9e03e4c9-510d-4b88-a7df-4659476ac5c4,exclusively.id,available,17.99,20.75,medium,low,11,namesilo,,,
4915f686-2ecf-46af-97ed-150c21638f6a,fla.id,premium,1455.02,20.06,high,low,3,namesilo,,,
45f659d7-8adf-4d2c-8009-a829d730cdb2,warranty.id,available,,,high,low,8,,,,
0694a858-ca08-43ca-9036-13bff95faf51,bath.id,premium,759.04,20.06,high,low,4,namesilo,,,
13cfea2e-a127-4d0b-8b6f-15e5755e4b35,wakening.id,available,17.99,20.75,high,low,8,namesilo,,,
fe851ae0-2f60-4c75-bb1b-45f26877b092,mild.id,resell,,,high,low,4,PT Jetcoms Netindo,06/04/2023 07:33,06/04/2027 23:59,
9ba32b30-b406-4fef-b889-5d61d94f266f,interim.id,available,17.99,20.75,high,low,7,namesilo,,,
5e82a51c-f88d-476a-ad82-312062ffa31f,tongue.id,available,11.99,20.75,high,low,6,namesilo,,,
a42b1193-b32f-443a-bbc1-d6c9aa0a4fbf,allowance.id,available,17.99,20.75,high,low,9,namesilo,,,
ce82d049-f5e4-4a2c-91d2-c75f430483f4,capitalize.id,available,17.99,20.75,high,low,10,namesilo,,,
682d9cc7-e170-49fb-908f-8fef1ed09c42,workings.id,available,17.99,20.75,high,low,8,namesilo,,,
ab225c69-a85c-4e9c-83c2-7719f6160aab,beautiful.id,resell,,,high,low,9,PT Digital Registra Indonesia,25/06/2023 00:40,25/06/2027 23:59,08/09/2026 03:43
1d374bf6-b6b7-41c6-89bd-be7e6f478853,sinners.id,available,17.99,20.75,medium,low,7,namesilo,,,
fd06266f-8815-4d43-961e-3dbe85eb9efb,metal.id,resell,,,high,low,5,PT Registrasi Nama Domain,15/06/2018 09:06,15/06/2026 23:59,
eca74603-c765-4d19-8589-472b9fbeb722,receipt.id,resell,,,high,low,7,PT Digital Registra Indonesia,08/12/2025 01:01,08/12/2026 23:59,
05df7305-5d1e-4be7-a553-c73317183aa1,lowercase.id,available,17.99,20.75,high,low,9,namesilo,,,
8f8c2d53-2153-43ec-8c95-02f8b24da93b,remote.id,resell,,,high,medium,6,PT Jagat Informasi Solusi (int),16/03/2019 00:19,16/03/2028 23:59,
2178ec43-fa0c-4f50-8eed-4c00b5ae4755,mothafucker.id,available,17.99,20.75,medium,low,11,namesilo,,,
230984ed-32cd-48b0-806a-3a8d27a7fc2c,ill.id,premium,1455.02,20.06,high,low,3,namesilo,,,
914d290b-4da6-407a-aa48-6fbd7f8c4c85,exhibition.id,premium,133.12,20.06,high,low,10,namesilo,,,
e432fde9-42f1-4a7e-a1ab-7fb1d533f25d,living.id,resell,,,high,low,6,PT Core Mediatech,12/08/2019 04:57,12/08/2027 23:59,20/09/2026 19:43
87db58b0-77b6-4579-a859-481be95819b9,springtime.id,available,25.98,,high,low,11,namecheap,,,
dddd932b-0799-4617-b767-f15e49989d30,particles.id,available,17.99,20.75,medium,low,9,namesilo,,,
17d50dd6-8823-4a9d-bdae-538ec32ab975,range.id,resell,,,high,low,5,PT Jagat Informasi Solusi (int),06/10/2022 00:50,06/10/2026 23:59,
55fabb36-e6fe-4b75-8f49-977c47c4e45f,hair.id,premium,487.68,20.06,high,low,4,namesilo,,,
b98224e3-2087-4a7b-b1a1-ede58c1753c6,hbo.id,premium,1455.02,20.06,high,medium,3,namesilo,,,
72aee5bf-3a4d-47f1-8f96-0676b0a4138e,marooned.id,available,17.99,20.75,medium,low,8,namesilo,,,
3d98ece5-fbe4-4298-a7d0-5e4bdc937f24,reversible.id,available,25.98,,high,low,10,namecheap,,,
8ce3516d-8ff8-4020-8d0c-ba48770c9975,tape.id,premium,401.92,20.06,high,low,4,namesilo,,,
a40c6372-cb99-4c4c-a0f6-e62031bee8a6,chop.id,premium,216.32,20.06,high,low,4,namesilo,,,
303919cc-c493-4bfd-a1bb-c61930cb0635,organised.id,available,17.99,20.75,high,low,9,namesilo,,,
41561430-2942-4920-833f-a5bea3457b71,sit.id,premium,1455.02,20.06,high,low,3,namesilo,,,
7107581e-9f38-4eee-aed2-613e6fd50010,rhiannon.id,available,17.99,20.75,high,low,8,namesilo,,,
f9270c56-9da1-4eff-b14c-3fa096bcd93c,lorry.id,available,25.98,,high,low,5,namecheap,,,
39fc4fa8-96e9-4799-8755-6d9586393753,evrything.id,available,17.99,20.75,medium,low,9,namesilo,,,
1e28ac4f-7d84-4102-b458-1082fe9eee26,holes.id,available,17.99,20.75,high,low,5,namesilo,,,
78622293-c0d9-4087-9569-98f0a93e8d44,always.id,premium,133.12,20.06,high,low,6,namesilo,,,
07d755b7-1802-4344-bf60-d558735e7df8,worthwhile.id,available,17.99,20.75,high,low,10,namesilo,,,
6bb87b95-71e6-4fad-8561-d38f76aa3703,mental.id,resell,,,high,low,6,PT Digital Registra Indonesia,18/03/2021 00:58,18/03/2027 23:59,08/09/2026 12:21
0ddc9225-cf18-4dd7-b6c3-ae38ab3a6827,perforation.id,available,25.98,,high,low,11,namecheap,,,
a60bf5a6-aa59-4903-8651-807cab73c01a,incline.id,available,17.99,20.75,high,low,7,namesilo,,,
87c5f6ca-7a01-4ff3-a8f8-c30f6c9d630a,separation.id,available,17.99,20.75,high,low,10,namesilo,,,
57d61c91-e8ba-4be8-a0ec-aae8a50c855d,borrow.id,resell,,,high,low,6,PT Jagat Informasi Solusi (int),07/07/2021 16:55,07/07/2027 23:59,17/09/2026 21:18
f5b0a150-94c9-4a33-b53c-2c0a40847778,moon.id,resell,,,high,medium,4,PT Jetcoms Netindo,19/07/2017 07:16,19/07/2027 23:59,19/09/2026 13:46
a5c1739b-6119-4e5b-967e-73e0817f405e,afloat.id,available,25.98,,high,low,6,namecheap,,,
84c008ba-6d92-4094-aeab-712eb67137fd,latitude.id,resell,,,high,low,8,PT Jagat Informasi Solusi (int),08/01/2022 12:56,08/01/2027 23:59,
30dc9917-dfbc-42f6-a0fa-b8d359e988ae,granddaughter.id,available,17.99,20.75,high,low,13,namesilo,,,
bc41b1c5-7504-425e-aaea-56cb13031560,polyester.id,resell,,,high,low,9,PT Registrasi Nama Domain,30/12/2024 07:10,30/12/2026 23:59,
0c83e191-9cdb-42fa-bbe2-ded5dd1887e0,less.id,premium,463.36,20.06,high,low,4,namesilo,,,
05071bd9-b4d7-410b-9c25-861ddfe86e96,fraud.id,resell,,,high,low,5,PT Jagat Informasi Solusi (int),31/08/2023 00:11,31/08/2027 23:59,23/09/2026 18:17
a8886bdb-f218-476e-ab47-811a1e5b78d4,contempt.id,available,17.99,20.75,medium,low,8,namesilo,,,
b0fe975c-441f-411e-aea8-2b8d492cb83c,tentative.id,available,17.99,20.75,high,low,9,namesilo,,,
64aa02fe-847a-44ee-b788-28d82b64d231,substitution.id,available,25.98,,high,low,12,namecheap,,,
dc1229a2-6e0b-4cce-808e-784ed9cf6482,gun.id,premium,1455.02,20.06,high,low,3,namesilo,,,
4fc275ef-3271-4d0f-a598-a245f7cea445,passion.id,resell,,,high,low,7,PT Jagat Informasi Solusi (int),09/04/2024 16:25,09/04/2027 23:59,
c471333e-d46c-4f92-a74e-2bd8e457fca5,guide.id,resell,,,high,low,5,PT Registrasi Nama Domain,13/09/2014 06:42,13/09/2026 23:59,
b713b525-c652-421f-afdb-23515df910fe,lunch.id,resell,,,high,low,5,PT Registrasi Nama Domain,07/06/2019 11:46,07/06/2026 23:59,
ac4cd633-a3eb-4b5d-8982-d0ea2445d403,unused.id,available,17.99,20.75,medium,low,6,namesilo,,,
525e7bfb-cf7f-4267-9de7-4d578aace0eb,matter.id,resell,,,high,low,6,PT Digital Registra Indonesia,03/01/2025 00:56,03/01/2027 23:59,
8a5ed840-ac6d-4086-a312-4394ddd2d4fc,lemon.id,resell,,,high,medium,5,PT Media Cloud Indonesia,27/10/2021 01:00,27/10/2026 23:59,
1a52b49d-3dd9-4afd-9564-ad0ed2b70195,dominance.id,available,17.99,20.75,high,low,9,namesilo,,,
7a34e56d-1352-447c-a11f-2a5351caa919,thursday.id,resell,,,high,low,8,PT Core Mediatech,12/08/2019 08:39,12/08/2027 23:59,20/09/2026 19:49
64d76847-b98d-4a0c-a886-10b54fa2ec30,ideally.id,available,25.98,,high,low,7,namecheap,,,
4b2db667-26cf-44cd-9823-4c4d4c8b9b5c,definition.id,premium,444.16,20.06,high,low,10,namesilo,,,
dcfc24af-0342-4989-bad9-3bcc8fc818e7,cannabis.id,resell,,,high,medium,8,PT Registrasi Nama Domain,16/04/2020 02:58,16/04/2027 23:59,
d9a5be4d-2402-4ac9-a5b0-9683b6e3bfc4,channels.id,resell,,,high,low,8,PT Core Mediatech,24/08/2024 19:33,24/08/2027 23:59,22/09/2026 11:13
2022be02-e94f-4466-be1d-8ba767b616ad,trillionaire.id,available,25.98,,high,low,12,namecheap,,,
779c4460-8721-4524-8b4d-45982dadf80a,sunlight.id,resell,,,high,low,8,PT Jagat Informasi Solusi (int),08/01/2022 12:57,08/01/2027 23:59,
170573ef-6a25-4576-88d3-213a0ecf8c20,loads.id,available,25.98,,high,low,5,namecheap,,,
96b0eb98-dbf3-4645-8952-7de452ec715a,moderator.id,available,25.98,,high,low,9,namecheap,,,
663d77f8-df8e-49a9-abb6-dcb238b0e07a,ring.id,premium,759.04,20.06,high,low,4,namesilo,,,
4172ec27-afec-4e07-84c8-3089adca8042,nevada.id,resell,,,high,low,6,PT Registrasi Nama Domain,24/09/2024 06:49,24/09/2026 23:59,
164b8303-a4b5-4e32-a6c4-5137c9d82741,beer.id,premium,216.32,20.06,high,low,4,namesilo,,,
cd597071-8963-457a-85c6-11c923167a86,performs.id,available,25.98,,medium,low,8,namecheap,,,
c98d1068-67b7-458d-923a-f699ab54e0d1,medals.id,available,17.99,20.75,high,low,6,namesilo,,,
2a0874e3-a156-4091-b0b5-f64ed4c14f35,worse.id,available,17.99,20.75,high,low,5,namesilo,,,
6439dbb8-d1bf-4d94-b466-e5513229af1a,industrialize.id,available,17.99,20.75,medium,low,13,namesilo,,,
2f824ec1-0da2-4579-a954-c7dffa5219e9,powered.id,available,17.99,20.75,high,low,7,namesilo,,,
ef1d8805-975b-4dd6-8021-9219126b7c9c,grandad.id,available,25.98,,high,low,7,namecheap,,,
fe7759de-f009-407e-a4f4-995242883008,wording.id,available,17.99,20.75,high,low,7,namesilo,,,
6df02d0e-97e1-4964-9eac-79fd1b70f204,uncomplicated.id,available,25.98,,high,low,13,namecheap,,,
08c7ef44-2919-4033-98f6-6904198bcf56,lager.id,available,,,high,low,5,,,,
823036a2-83ec-45f8-9d0e-746b4257e282,tribute.id,available,17.99,20.75,high,low,7,namesilo,,,
f964e8bc-56c6-47b1-b9c5-06a2b327057b,fence.id,premium,133.12,20.06,high,low,5,namesilo,,,
deb7b613-56ec-4d25-91ea-a5fdf1183daa,whilst.id,available,17.99,20.75,medium,low,6,namesilo,,,
0dad31ff-d193-4d18-b106-7cdf56f7c10a,simply.id,resell,,,high,medium,6,PT Digital Registra Indonesia,01/07/2025 00:24,01/07/2027 23:59,17/09/2026 09:31
bdad4738-9f1d-4e27-8067-b57f4ab4ca7f,used.id,premium,386.56,20.06,high,low,4,namesilo,,,
9a3814c5-cb8a-4448-ba44-3c31cb03b0d6,hater.id,available,17.99,20.75,medium,low,5,namesilo,,,
44fc0679-22d2-4728-b522-f55ae38ef4f1,stormy.id,available,17.99,20.75,medium,low,6,namesilo,,,
ee6cff6a-60b7-4c85-81d6-afcf73538133,adios.id,available,17.99,20.75,high,low,5,namesilo,,,
ae413232-aa5a-4272-8a37-22341a85bf19,mario.id,resell,,,high,low,5,PT Jagat Informasi Solusi (int),28/11/2021 00:29,28/11/2026 23:59,
4faee4d1-43b0-48f7-b8f9-7ed343f38ec0,exclamation.id,available,25.98,,high,low,11,namecheap,,,
ded6f6ee-b44a-4be1-a205-5d8427102f73,abundantly.id,available,17.99,20.75,high,low,10,namesilo,,,
5923fb8a-e278-4978-883c-fdbe4c1dc418,child.id,resell,,,high,low,5,PT Jagat Informasi Solusi (int),02/06/2023 07:34,02/06/2026 23:59,
bb6a0a23-b863-48b8-a85f-b342fad7a232,theirs.id,available,25.98,,medium,low,6,namecheap,,,